clinical_drug_form,ingredient
727382,67109
371331,2186
1739546,1242127
375312,10390
377707,5084
370998,1359
372003,195085
237951,6972
402751,8031
374057,10391
372888,6916
370540,430
1728071,68446
1865664,77655
372196,87636
378837,214549
378651,28031
372801,59078
1731344,3131
800363,6579
374372,1815
801480,6579
1657443,797629
370570,704
1794537,733003
372652,6472
374648,274332
1657657,318341
371889,3498
379059,38866
800975,6536
2108433,40138
372660,6536
377613,1514
1738334,42316
378939,11516
377716,3435
1790207,11516
378925,32937
371766,3289
373965,10154
722115,358274
904395,46041
378233,42347
825023,26744
371112,194881
901639,798226
2108539,7407
370797,17300
373262,7980
378277,35302
373125,7531
438654,407990
375278,35302
154906,7407
891521,1588
1797885,7407
1304557,1588
370536,281
371786,3322
1657861,121191
370782,281
800562,36696
1865657,5992
371781,3322
1734931,281
1729335,1599832
373105,4917
372907,6923
373282,8004
385082,343048
379128,8536
376031,8536
800562,3024
374631,8536
374153,72937
373937,9947
372618,42351
486041,56466
374033,37798
372616,42351
476143,190521
377978,1399
375787,214342
371268,6375
405915,6375
1250233,214342
378303,341248
377504,6135
374862,1399
377828,10753
1740454,139994
828926,25120
377962,10753
370656,5521
1657463,798302
377454,22298
1928566,55018
1670010,1670007
372819,6832
498897,4441
1664992,2193
370558,620
373959,59763
1863342,11202
862005,40114
901639,901624
374192,10763
374122,10572
2371799,42954
374193,10763
377949,7676
829986,798306
371001,18867
798308,798306
1729351,1828
374026,10355
371002,18867
807272,798306
804543,23043
700835,4821
486068,7892
372564,11413
1796689,5542
374331,11413
372807,6813
372808,6813
1808216,8782
1869549,6813
378991,321064
374555,7833
378993,34905
1724201,229367
1437967,3002
372747,6703
371664,3002
372256,42355
372855,6876
372748,6703
371624,2683
1734916,3002
376666,3002
854976,854964
372655,6475
597143,134615
1747560,1747556
373143,32385
373585,8640
2282516,1011
373583,8640
372717,6646
372350,26237
2103210,606396
1797850,42612
373718,9010
746181,42612
378379,42612
2269593,1819
379128,10829
1721597,719
374234,10829
374575,9945
374230,10829
1867723,10814
374110,10510
373868,36437
374670,68149
998040,108118
374667,68149
372972,42372
372596,10814
1657973,612865
377831,10759
370592,1091
374401,10759
371513,2541
1792143,10759
96818,10759
385106,25126
377894,25126
1729404,39541
373772,9344
372771,6759
2100170,2685
1293734,21009
1866502,6759
373974,8638
379264,8638
372210,4450
374753,1886
373571,8638
1724078,1040004
373005,7258
800363,5340
372862,6901
377619,106212
1668247,1908
373796,85762
372039,4018
378716,228790
476365,6901
900574,85762
1743569,3648
371555,2582
745797,19831
1803921,6313
2108295,19831
746824,19831
374208,10800
702238,38574
371572,2597
891521,1151
2371799,1151
1670052,4254
1797928,19831
374061,10395
800363,6308
372232,4493
372231,4493
1740949,6718
103328,2358
377712,5492
1657065,253337
371637,2890
1738585,5492
372584,42955
377713,5492
372416,5492
372140,4278
376828,5492
371375,2346
372583,42955
1657394,763098
1732171,3995
1731074,1731071
854976,854972
727708,72435
1658469,854972
1656642,196102
1799693,9949
583169,36108
375296,9949
1790238,233603
375777,1418
1670043,4256
1736575,139896
1742774,197
798153,4778
2108211,197
371688,3105
372310,4778
371936,3541
1791243,3105
377156,1218
1147222,1147220
402754,743
373602,8702
375623,68139
402751,743
1656996,1538097
1735002,4337
374421,8328
371689,3108
373454,8328
1650227,1608322
1804994,358258
372598,6387
378986,3355
374456,6387
1747690,276237
377740,6387
1872465,11246
540395,276237
1999666,276237
1734682,325642
377743,6387
372691,6582
371794,3355
373800,72302
372593,6378
373967,10156
406017,276237
1292775,11246
1860094,3418
1111105,1111103
2109138,4083
757041,27084
370547,519
372078,4083
374177,38454
378615,4083
854976,854954
807831,114477
1790298,5175
798234,798222
1790330,114477
381046,6058
406121,114477
373067,7417
381040,6058
381037,6058
1658469,854956
373608,8704
1731046,83171
1870402,221147
370976,18631
373609,8704
1795152,8704
1743558,3407
373946,9997
1655941,191831
374656,275891
608327,134748
385063,34322
373372,8163
829986,798304
1657463,798304
798308,798304
1666371,8163
1655955,6851
373673,8896
378834,4099
373369,8163
371951,68091
371957,135447
373671,8896
807272,798304
378764,4099
1663396,34345
373370,8163
795606,8163
93672,7824
1658023,798372
1737849,6878
373539,8597
374123,31914
375919,8597
373801,84108
374537,8597
1482506,1482502
1652652,3640
485420,136198
1789851,10691
1732140,4678
1797866,18603
374181,10691
374503,8611
373326,8134
376915,253182
371910,1223
757058,1223
727389,1223
1734339,4179
374677,8134
1592278,1592254
866043,36117
798234,798224
373257,7975
370492,10454
374727,22892
891521,10454
672148,480167
854976,854946
1658469,854946
1657137,1657131
1312624,52177
1727280,121243
375144,52177
377432,10169
372973,42405
379487,37806
1649484,1649480
377117,10180
1734376,33562
757058,9601
374234,10180
631980,52364
374677,9601
373830,9601
602909,342369
377414,9601
374077,10438
1870264,1596450
374272,73645
801916,33767
374182,10734
377369,33219
578043,298665
1732370,2599
379003,1952
371268,2019
617327,62349
1729078,62349
370687,5781
1807507,11124
375983,11124
385330,33290
373797,183379
540395,300195
452425,236778
800562,42543
379003,33290
891521,684879
1804722,684879
371178,47579
1731337,3098
374281,11124
1863327,5781
371104,19484
643065,300195
1304557,684879
370688,5781
372062,4053
372831,6845
374615,260101
1724193,282446
372060,4053
370684,114289
371909,3500
371200,1897
371876,3455
372942,7004
372063,4053
371201,1897
374813,68244
372562,68244
377514,9525
1482907,282446
476143,68244
1721611,1306284
374698,3264
373632,8745
1812073,3264
1306290,1306284
1307302,1307298
374537,5933
374699,3264
1731084,44157
799834,480639
798241,798232
374283,11149
374624,88249
373738,9068
372137,68099
1739532,8299
373737,9068
371100,19478
372596,10582
370721,6064
1728049,70561
1721611,1721603
727722,67108
371128,1760
1368953,52582
374623,49247
1747690,1721603
370533,16818
373433,8183
372786,52582
374710,6581
1670350,8183
372783,52582
376574,11423
373435,8183
1731061,2396
1858260,1721603
373438,8183
1436238,38404
373142,61381
371701,3154
2108259,7213
1736580,3109
727702,327361
2285807,3109
1658469,854970
373637,8754
375959,8948
849826,358257
374619,139462
1670052,4249
374595,53654
1658469,854958
745021,746741
859974,784649
376030,1291
377813,9793
376031,1291
370982,1291
801480,11115
800975,11115
374629,1291
1658469,854934
798234,798228
1670052,4262
1729374,2051
1098901,484348
798241,798228
371813,3361
376857,11198
371709,3247
1812345,475230
372634,6468
1740863,24698
1250684,6468
373888,36567
1250233,17621
745797,25255
374646,51272
631993,6057
692500,325646
1719786,167
373303,8120
370527,168
401651,25842
372550,6146
1658041,712566
370659,5553
370548,596
372441,5553
374899,36118
371524,2551
1794549,5553
1665209,2551
864703,864701
405942,2551
372567,28439
1427036,1304122
1790094,3639
1658225,29503
372915,6932
373053,7393
745678,435
374316,11256
373048,7393
477346,234416
808657,40254
377766,6932
1721470,733
374609,74667
372588,82122
1659591,733
375287,56512
376030,7299
374698,7299
370586,733
1665494,82122
374526,7299
1293734,29268
374699,7299
378092,6218
854976,854930
374686,7299
374164,119565
800363,56443
372274,50166
373731,35208
373137,7597
800562,56443
806391,56443
374634,18747
377781,7597
1801266,2447
1304557,7405
370623,2382
372933,6980
371463,2403
372340,1546438
379002,11295
378695,321988
1740905,6980
631981,2449
1729520,38413
1738611,6691
372739,6691
374751,19860
1867735,1901
1729380,1894
727846,1901
371190,1894
800363,426
1721637,105694
1723155,641
372199,25025
311424,52356
801480,426
1727284,39937
373596,8700
373266,7984
372644,6470
1664995,6470
800363,8156
372528,6130
375140,190376
371579,2598
380918,2598
373778,9346
801480,6837
801480,8156
378276,69749
2371799,9346
800975,8156
800975,6837
374024,73494
1665187,6470
1304557,9346
376673,10167
373842,9639
374522,9639
372281,4603
378100,25480
376645,9524
370556,612
1740893,632
370834,612
1740909,6918
372891,6918
801480,6033
372251,4508
1667908,6054
375582,7883
1721457,7233
582298,99
1812612,214824
374639,214824
1791228,3443
371949,82003
377759,6922
1863330,6922
854976,854944
1427036,1427020
375786,2418
544933,2590
379076,2590
477371,322167
485688,2418
1870402,36721
371714,3251
379494,9143
373752,9143
2371799,2418
375480,2418
1859541,9143
378982,2590
1304557,2418
372337,4910
1666797,6960
372997,8132
825408,787390
446503,6960
746938,7052
372007,3827
372960,7052
1737587,40790
1809548,5464
1654342,7617
1868187,36676
378301,89013
1116740,857921
377619,34347
370609,1191
373196,7804
1865696,39954
1856538,1191
800975,36679
373899,36676
314003,6750
800363,8737
1863604,4850
377668,3254
1867937,3992
876076,4850
372030,3992
727516,4850
1672916,3992
801480,8737
801480,4919
1794561,4850
373825,83395
727310,3992
374862,6750
376511,6750
372031,3992
1734184,623400
374727,161
373748,35296
757668,10528
370508,161
373200,161
370754,161
370640,5487
1661207,535
374035,37801
385102,37801
1731354,3041
372945,30131
800363,10524
1988651,1988648
2285807,3041
1729368,2105
1719645,5093
374632,141626
370679,5691
372376,5093
1442985,1442981
1790155,9894
1656665,6585
1724154,27100
2464346,6585
373652,8787
373654,8787
373653,8787
373791,35636
1659739,29899
800975,164
373790,35636
1726504,1424
672566,679314
1720759,877015
1863334,5470
727756,214555
370716,6038
876077,114202
370655,3423
829986,797752
438301,2002
1658057,798361
372054,4025
371259,2002
1724135,274771
1653345,4832
1724665,689
372053,4025
1791339,7396
314003,29787
370623,60212
1665009,6754
993451,993449
378236,7646
1856538,3521
371917,3521
371866,3444
376511,29787
800363,10962
1856275,5224
373015,134527
1857598,5224
373859,36387
801480,10962
370578,723
373860,36387
371616,2670
1872383,236719
1799415,57308
1870402,8591
1860131,8591
477321,337525
1665000,35827
385063,236719
385024,236719
379056,51428
876077,8591
1861723,8591
1863604,9863
1304126,1303851
374108,10502
373901,9863
375661,9863
801480,9863
1794561,9863
806391,9863
800975,9863
2108443,9863
801450,9863
374551,9863
876077,9863
1861723,9863
1873468,8928
1665056,11170
377660,2623
377400,10627
757058,153970
370575,722
378214,153970
2108548,10627
854976,854962
1658469,854962
1721611,1306286
373594,8698
1656312,2186
995191,6972
376515,6972
1657774,1535922
370725,28031
1729199,3829
375197,32624
379140,1520
377369,2129
371065,1520
374368,1808
1724783,1815
371158,1808
374502,3339
1663181,56946
800984,6579
370505,149
374488,7812
727559,321208
371895,3498
371891,3498
377967,1514
800363,6536
378340,1514
1870185,267366
374197,10767
1653759,4177
1664433,42316
374015,42316
1855529,261435
1722933,29561
577347,596205
562789,32937
377535,3289
378354,42347
1656629,117055
371940,3554
1658124,26744
1740921,6883
1656683,83929
372240,4496
371962,3638
372239,4496
1812623,9800
1720752,253453
376154,5833
372213,4452
727547,4496
1102272,1102270
1805957,7407
727620,7980
371661,21949
375074,41127
374473,281
372255,41127
1807458,3322
371164,1827
374104,10485
370537,281
377143,281
1987401,1987398
1868493,4917
1726497,1251
2108557,343048
371070,83008
374526,8536
375450,8536
373769,9260
374686,8536
370503,190521
370502,190521
806391,56466
577211,190548
374813,190521
1804798,8410
1720877,5880
372533,6135
377349,1399
2055759,2055755
371327,25033
374187,10753
376515,8091
406309,10975
800363,55018
1657394,798302
371389,2356
806592,798302
801480,55018
829970,798302
746190,1347
1649943,68442
702116,620
825420,711942
727534,68442
1732880,236381
375348,42954
379111,14845
616491,35829
372002,3752
370640,10763
1804730,15202
1657572,1298944
1657463,798306
1657394,798306
373639,8761
377233,1156
829970,798306
376888,72962
374433,38685
1656270,354770
371602,2626
374662,5542
1741260,24909
374813,11413
1867714,10368
901639,798220
379136,58939
374072,10432
1659130,8339
1655947,591781
1656981,37418
2105810,2105806
376410,725
1651244,75917
378856,725
374050,10379
1804980,1543543
1658469,854964
1148140,1148138
1728091,805452
374679,283809
378723,134615
371067,19257
1666592,7476
377440,60207
643104,475342
372614,29046
1657702,263034
377124,26237
1728058,34132
1743862,3628
378762,1819
377402,7623
371161,1819
377450,7623
374233,10829
375982,10829
1658469,854950
376542,10600
597143,10600
373518,54987
374710,9796
377452,10600
484332,108118
1869383,54987
402366,358262
379060,68149
373881,9796
746202,10759
800363,1091
374434,10759
370568,703
370573,17767
371002,17767
10760,10759
377781,10759
374426,25126
373773,9344
371345,2231
371346,2231
372221,25126
373226,7895
374415,2685
616278,357977
372775,6760
374649,115698
373575,8638
377270,8727
238142,1886
374020,10324
1721309,4450
1729397,1886
1727275,115698
373616,8727
1729388,1886
374003,10237
393416,10324
373972,8638
372053,1886
374131,10594
377369,10890
1870350,4550
377650,2582
1737230,2582
372861,6901
372035,4018
800562,5340
374643,85762
371334,20489
371250,194000
801480,5340
800975,5340
597729,85762
373795,85762
854976,854974
370658,5552
1718938,2191
372319,25789
374409,8687
373456,8331
378768,352374
372575,6313
1489770,19831
371152,19831
374173,10689
371606,2653
377444,3001
757041,5489
800562,6308
371663,3001
377514,10223
901639,901633
372581,42955
370645,5492
370649,5492
373747,72143
375450,5492
372421,5492
829986,763098
1724329,384455
376335,282388
829970,763098
377423,10803
402354,301542
1425103,1425099
372184,24947
371254,1998
562743,4778
372267,4530
1716194,1716191
376656,6902
372804,6809
668362,4337
1806273,4337
373701,8987
700516,6809
373453,8328
1037044,1037042
1304557,22701
1737342,6387
371753,3288
1792943,6387
597290,276237
1867937,6387
376410,3288
378856,3288
385105,3743
377959,3355
723847,40575
1734678,3966
2371799,11246
375137,6387
1356556,1356552
373966,10156
372398,27084
1736775,32592
1747293,5640
370672,5640
370674,5640
1806052,4083
1658469,854954
376861,10493
2201634,1841
854976,854956
798241,798222
374422,4457
706867,18631
373605,8704
1668237,18631
1670191,8308
1738341,19666
1870358,221147
727624,8308
379046,236782
1928566,34322
370724,33910
373173,7781
2053498,2053495
377747,1388
377341,4141
373644,8785
1731088,3100
1657394,798304
806592,798304
374570,8163
377743,8686
374138,10612
401651,21183
829970,798304
371663,8163
1729187,4099
372836,6851
373168,7779
371965,3640
1737465,73137
1740871,7243
371407,2393
1657394,763100
1866542,7238
2282756,763100
1657443,797635
373325,8134
376830,8570
1657991,60819
578017,19737
374677,1223
1806004,616739
435437,8134
373560,42463
374214,10811
373759,73044
1659772,614391
798241,798224
374093,10454
1304126,1303855
1919087,1919083
1792779,1792776
372222,4462
2371799,10454
1304557,10454
451309,35619
371589,2353
373974,10169
377509,36345
1736918,73710
2108354,337623
377789,33199
379243,50610
373088,7426
373087,7426
373658,8794
374080,10438
1870244,1596450
1870228,1596450
374233,10180
1293734,21579
1870216,1596450
378308,38400
800562,10337
373193,32675
1656055,1656052
1658469,854938
374067,37935
1726203,5690
1739748,1739745
854976,854936
1657443,797633
1658469,854936
1657137,1657128
378648,17128
759470,69722
1665101,2189
371267,2019
1868504,10865
485439,461016
1658225,314725
378857,1605101
800562,70602
377627,1952
1100456,684879
1726270,337523
1805978,183379
370689,5781
374185,10737
1243342,300195
1306290,300195
1375946,684879
731222,236778
374021,77492
728222,620216
375786,1897
379818,8703
1668263,4053
378984,3264
374635,4815
371728,3264
2103181,11149
374438,3264
378766,3008
1724826,8745
450999,8745
1670052,34822
373740,9068
757261,39085
371215,47613
371099,19478
373789,9386
371649,11248
371650,11248
1791252,23066
1868004,10582
452534,39786
378790,2400
687432,10582
891521,11248
2371799,11248
378682,88249
1304557,11248
1659987,1009
1659758,32915
618512,62427
393308,31555
1597586,1597582
374319,11289
377826,10637
618504,62427
372246,4502
374320,11289
1999006,1999003
371409,2396
372784,52582
1999666,1721603
371410,2396
372785,52582
221024,11423
1304557,237099
1718924,61381
374620,2556
824294,69036
370588,84857
746447,7213
370504,16681
370497,7213
372757,6719
2284636,7213
1665194,139462
373046,53654
1087390,1727875
384613,135391
1666302,4249
406106,139462
376853,78903
371031,18993
800562,11115
370621,83367
901533,746741
370981,1291
372109,4135
371324,2180
854976,854934
370726,6069
405915,60307
802194,82819
901639,798228
1364434,1364430
371364,20610
1722943,325887
854976,854948
854976,854942
446753,31819
1658469,854948
1658469,854966
375061,258494
1729397,70589
1732886,46967
746403,41126
721790,51272
372880,10824
1654076,847083
401651,29155
2108402,25255
370525,167
744485,41126
372361,5032
1427036,864701
1484915,1484911
864780,864701
2108209,237159
371188,36118
1720955,5882
371525,2551
808650,40254
374556,6932
370543,435
377764,6932
1304126,1304122
1428986,1304122
1117521,2709
378384,15996
808586,40254
204674,11256
1867729,40254
850075,28439
2371799,7393
376154,7393
370542,435
2284636,435
1091838,1091836
374376,3639
1741289,828529
1667659,1667655
373787,35623
372591,6373
376031,7299
2101898,56512
370584,733
373022,7299
1117534,9789
378980,75207
378638,59943
376673,733
373056,7405
374401,7597
1721950,1721947
379003,508
244416,7597
801480,56443
1859489,56443
373136,7597
1730075,2403
1653594,475968
1731581,1546438
385024,235496
372665,6572
377749,6572
901639,901631
373010,141366
800363,1901
371189,1894
1116740,1116738
374168,38413
374753,19860
1812332,996051
891521,4511
373977,10171
619044,4511
631980,2449
801450,1901
372554,6185
1806933,1302966
372827,6835
727760,282357
1659591,10167
378726,298869
1656338,69749
800562,8156
374643,195088
372300,4719
1662277,190376
891521,9346
439558,4316
377266,3478
372647,6470
756776,9000
372280,4603
371560,21241
385484,47686
372815,6826
1806068,9639
1651307,120608
1366191,21241
373991,9524
370498,21833
1666612,1292
800363,6033
370985,1292
1307408,1307404
374710,612
800562,6033
373565,8629
867501,714438
829986,763096
378013,6922
2282756,763096
374425,3443
371856,3443
372897,6922
1718759,99
1660184,1606218
371943,82003
1658469,854944
374363,135775
562031,2590
372571,72965
371480,2418
374371,3251
373751,9143
1723231,3251
1740463,26225
373149,26225
1102279,1102261
374146,57258
1806666,44151
1728776,7052
371343,140587
373871,136411
372957,7052
377632,1992
371316,2177
372956,7052
1746526,1311089
1811403,7994
372925,6963
373222,40790
484321,139825
1726672,1622
2108335,7994
617278,73056
483437,187832
372949,7019
1293734,36344
372243,4501
1658017,39385
1665443,2194
1427036,857921
1670194,72236
374524,44
854855,233698
643018,89013
1659782,89013
1743541,7773
374753,1191
373200,7804
238142,1191
370939,1191
800363,4850
800363,4919
374544,6750
1660003,10473
1660013,3992
372326,4850
370834,29170
311514,6750
1792889,6750
800562,8737
800562,4919
1658006,1292422
1861716,4850
377349,6750
377627,6750
374192,5487
370636,5487
498906,11002
665032,593411
486068,11002
374751,161
1591941,1591922
370751,161
1116634,1116632
1988665,1988648
801480,10524
800975,10524
1736464,10109
1657443,797631
1731096,22299
1652238,86009
372375,5093
1719751,15226
1743574,35636
402348,35636
1789973,8787
1657745,1547545
374205,10798
371038,1424
1540861,1540825
763042,3423
370631,5470
385098,214555
377737,114202
1724201,229369
2269593,7242
371257,2002
1654176,658708
378762,7242
597746,495881
371260,2002
374625,39998
1805000,134547
1375946,3642
376493,91311
1659928,7242
372766,6754
1665037,6754
372764,6754
485019,7145
1736469,75635
370622,60212
617301,723
1427036,1427022
384641,4637
370576,723
845506,141704
376464,2062
1428986,1427022
800562,10962
371609,2670
1856278,5224
378966,314684
370751,2670
373524,8591
373520,8591
378914,51428
1719781,70223
876076,8591
377446,35827
806391,8591
1656794,37617
901639,901636
374610,37776
1807545,9863
800363,9863
1718999,12574
377216,224905
373902,9863
1922508,224905
1428986,1303851
373903,9863
373114,7514
373900,9863
373100,7454
372883,6915
378984,10627
374147,10627
798234,798230
373696,8928
2108544,69120
374438,10627
374677,153970
854976,854952
798241,798230
901639,798230
1658469,854952
378855,44281
373012,31565
371665,3007
1812167,3616
1306290,1306286
373780,55672
378299,195085
643065,195085
402754,8031
1791587,5657
374583,32968
375879,6972
371961,49276
702213,3013
378838,214549
800363,9671
373175,32624
800562,9671
1653728,709271
1098901,73
371670,3013
1791492,5650
1727568,1808
377111,56946
1672916,1815
806391,6579
801450,6579
402370,343047
372782,103
1723739,3498
1730193,319864
377135,319864
374614,1514
800562,6536
1658029,830457
801480,6536
377614,1514
393355,1514
379082,42316
370619,1202
313192,10323
373245,32937
2108340,66887
372859,6883
1736560,1045453
798234,798226
377691,3638
372237,4496
1739536,119771
798241,798226
373781,9384
373124,7531
379040,7407
1719795,7980
1863365,9384
372720,6672
378003,3322
1805880,4917
1743531,1423803
373106,4917
373511,8536
376030,8536
374698,8536
374405,4917
1728043,41289
1726318,51499
800975,3024
374699,8536
374629,8536
2275273,2274413
1791383,6628
371267,6375
476398,6375
1100074,1100072
372926,30009
834234,73689
379061,1399
377736,6135
901639,901628
562784,1399
1652826,89886
367375,8091
1789858,8814
371288,2101
372978,7226
829986,798302
376830,8610
798308,798302
1869683,4885
1593133,1593128
1797899,1347
376893,237057
372368,40114
373486,8356
370998,7676
806592,798306
1655962,1147320
2181524,1156
374444,798306
372320,4821
373225,7892
1737431,732
746605,662281
1660426,11274
1658023,804179
374727,27946
374040,10368
798234,798220
798153,8723
562743,8723
1857601,11413
756805,11413
798241,798220
378341,283810
372806,6813
377483,8782
373346,8149
606725,283742
1724267,877510
1657394,798279
1728037,283742
1658069,798279
1536876,34296
1806166,10379
378070,10379
374012,37418
377452,60207
901639,901620
1804971,1112973
1665466,1665222
1796671,8825
636670,591622
378378,42612
373308,8123
377117,10829
373909,9873
1806212,1819
854976,854950
702493,9945
1729358,1819
372611,10814
1726176,68149
372971,42372
376433,2555
373883,9796
374134,10600
377768,42372
1797864,108118
540628,72625
377132,703
371515,2541
800562,1091
1663223,703
801480,1091
668578,194337
372770,6758
372941,42331
1658225,314724
372125,24605
378363,40048
371508,21107
617301,48203
562250,48203
371183,1886
372209,4450
374412,8727
372145,24812
372054,1886
1737448,11473
374751,1886
402754,6406
402751,6406
371557,2582
562265,2582
800363,10898
377481,2582
800562,10898
801480,10898
369489,8691
1668050,598
800975,10898
371226,1908
1599542,1599538
1658469,854974
1659277,2191
370934,1151
373169,32613
1657340,194279
371337,2191
1870185,1151
891521,62400
370597,1151
1806659,22178
372573,6313
1292775,1151
370599,1151
370601,1151
1304557,1151
1544464,1544460
375626,69634
1734349,1368950
370641,5489
378790,5489
801480,6308
371539,21212
800975,6308
371540,21212
371454,5489
372756,6718
1734691,140108
377716,5492
378684,31448
374391,4278
1791370,42955
377723,5492
1743827,4278
2282756,763098
406050,282388
1999666,1999660
1117534,34316
377955,1418
377441,43611
727599,42375
377095,3105
730043,283838
1439807,1455099
372187,24947
372944,30125
371935,3541
1944700,1294580
1716208,1716203
1794544,8011
372643,28889
373798,88014
1743703,6902
372868,6902
1040030,1040028
372803,6809
1608326,1608322
374635,6809
385096,115238
372161,4337
373460,8332
371751,3288
744841,719872
372091,4110
1721611,276237
372599,6387
377965,6387
372692,6582
485688,11246
727604,6387
1306290,276237
406309,21406
374301,11246
374334,40575
643065,276237
1304557,11246
372754,41493
1721587,519
1805869,4083
373070,7417
1433216,1433212
1664980,1272
378739,6058
374617,114477
1856563,8153
901639,798222
373450,8308
370975,18631
371834,3407
1870185,221147
371833,3407
1304557,8308
1657189,1597876
1659997,314504
378838,6904
1726991,1726988
863558,275891
1790148,36726
373641,8785
377505,1388
1809679,7814
1791720,7824
486041,21183
1790811,68091
372835,6851
376521,8163
372106,4127
377391,27334
372225,4491
1665087,20481
372990,7243
371966,3640
1243003,1242999
376566,27334
829986,763100
393324,4678
829970,763100
848721,73178
370564,644
1736540,49737
378857,253182
757058,8134
376890,4179
371909,1223
1666780,1223
372211,4451
372132,4179
347786,8570
370964,1223
374552,1223
854976,854932
1658469,854932
373258,7975
643073,460132
746717,36117
372570,27169
1236627,460132
854976,854968
744485,36117
1741130,473387
901639,798224
1658469,854968
1654034,296
800984,56476
378617,4462
2109039,37806
378691,121243
402433,228476
1745276,7512
373972,10169
631981,52364
1870220,1596450
798153,19698
562743,19698
370500,2348
372177,24942
1806049,9601
1114197,1114195
372997,7247
372993,7247
373194,32675
854976,854938
370682,5764
375173,7005
1739760,1739745
1718899,48937
372751,6711
377438,1813
371296,20352
372228,4492
1791700,4492
476398,2019
706238,17128
1806253,2599
371583,2599
405915,2019
377700,4492
378928,1605101
374941,2019
371472,2409
632025,300195
1726203,2540
374628,183379
1986824,1986821
370686,5781
374282,11124
1740442,6674
372563,68244
372564,68244
375196,260101
371910,3500
1804033,18330
374364,39993
371789,3327
371198,1897
665018,282446
371666,3008
373630,8745
371667,3008
371723,3264
798234,798232
1732364,3008
373299,8076
371725,3264
371729,3264
372333,4815
372938,6984
1551992,1306284
901639,798232
405942,3264
377418,3264
372595,10582
371447,2400
706237,3364
378708,11248
374285,39786
371294,2116
371454,2400
375480,47613
597849,596724
1724304,657797
374474,11423
995191,11423
1732153,1712
754760,475969
1656338,1656328
377844,11423
243353,6581
1102131,1102129
374627,61381
371532,2556
2108449,7213
1655725,327361
374166,38404
854976,854970
1791839,52769
1868508,5514
854976,854958
800363,11115
372108,4135
1665049,2180
373744,9071
370704,83818
385068,23410
374631,1291
370983,1291
374616,60307
378999,10869
372633,6468
1718961,4257
854976,854966
1660426,4257
372632,6468
1658469,854942
1718938,1603834
1658023,762817
762819,762817
833134,588250
1670386,1670383
1594679,1594675
2108395,25255
405798,358255
370528,168
631894,6057
746717,41126
370526,167
1797889,41126
998040,25255
372358,5032
745790,237159
376202,2551
1116740,864701
372651,52175
1304126,864701
1791482,5531
1428986,864701
373284,155046
372360,5032
1656794,1597609
1591941,1484911
376483,2551
371616,5032
371766,5032
378442,15996
371971,10402
808542,40254
373047,7393
808572,40254
2108259,435
372565,28439
2108226,435
891521,7393
2371799,11256
1724161,1547611
373563,8628
1656294,974779
370585,733
375450,7299
2045128,2045114
727577,214582
1658469,854930
373135,7597
1794183,20859
373892,56443
800984,56443
1790343,283821
2109014,7597
801450,56443
373133,7597
1872383,235496
385025,235496
1116740,1005931
374663,9913
385063,235496
378864,274783
372339,1546438
876076,1901
619047,4511
806391,1901
833203,816346
1304557,4511
1726256,84959
876077,1901
1657137,1657134
373599,8700
226681,272
377107,6185
800562,426
372032,105694
616577,623033
373597,8700
373265,7984
800363,6837
372645,6470
374626,190376
373707,9000
800562,6837
597729,195088
373706,9000
854976,854960
379056,352385
1866146,9000
1658469,854960
2549330,338036
378101,25480
727538,338036
1719285,4603
1483322,1483317
790263,734064
379241,29365
378660,6918
370694,59744
379242,29365
800975,6033
393355,29365
1657394,763096
372846,47858
378772,99
1740450,7715
379122,6922
829970,763096
371947,82003
376856,71535
373860,82003
374686,5011
376327,26225
371481,2418
371716,3251
371715,3251
373148,26225
1870185,36721
1292775,2418
106841,7052
1729196,7052
374606,33738
1872583,3272
379133,6960
372959,7052
372909,6926
1796418,662019
370973,1256
1789839,1256
372619,52105
1193330,1193326
763305,40790
1809031,5666
371086,1596
1651250,1597258
377215,36344
371084,1596
376922,105669
844378,89821
1433872,1433868
204569,5666
485209,400008
371342,2194
1869534,614373
373198,7804
377924,34347
995191,34347
372731,6676
1870402,36676
1090557,7617
385094,7804
370611,1191
376574,34347
370614,1191
1670052,8834
1293734,39954
373199,7804
485495,89013
727994,36676
370491,39954
1794567,4850
374456,3992
374372,3992
377980,4850
1661387,3992
801480,4850
376937,4850
1809089,10114
993855,623400
809986,623400
370509,161
370635,5487
1803956,161
374114,10528
374036,37801
379486,85248
238142,161
700516,593411
377935,37801
370641,161
369097,161
371247,214354
373225,11002
373199,161
370506,161
854976,854940
373644,161
1658469,854940
371676,3041
800562,10524
373244,7934
636214,16521
372377,5093
373043,7315
1086771,1086769
378966,86009
378841,86009
1734083,35780
1658035,830464
374330,114970
1670052,1441688
370653,3423
485535,306266
1724207,3423
858047,679314
1724190,3423
485433,306266
876076,114202
370654,3423
373287,8013
1725058,7242
798476,798361
1806907,15657
790322,134547
1736584,42736
378154,689
1657681,797752
371968,3642
798425,797752
1869278,448
485799,2002
829970,797752
727348,7242
855811,613391
373058,7396
1655915,993449
562250,723
376533,36387
370754,2670
371681,3102
371613,2670
1863604,8591
385025,236719
1659130,37617
152997,8591
371805,3356
1867543,8591
373522,8591
1870185,8591
800984,8591
1861716,8591
372547,35827
801450,8591
1427036,1303851
1870402,9863
1658225,29501
876076,9863
800562,9863
1745259,203223
1870185,9863
800984,9863
373529,54993
1724292,37776
727633,9863
1806052,7514
371595,2623
498905,7454
370667,153970
372886,6915
371594,2623
374290,11170
374289,11170
1806675,1539239
372444,153970
378998,10627
1740916,6915
377662,2623