level4,level3,level2,counts
0020,0020,002,8
0029,0029,002,1
0030,0030,003,34
0031,0031,003,7
00324,0032,003,1
00329,0032,003,4
0038,0038,003,4
0039,0039,003,11
0040,0040,004,1
0041,0041,004,5
0043,0043,004,1
0048,0048,004,2
0049,0049,004,7
0050,0050,005,1
00581,0058,005,2
00589,0058,005,3
0059,0059,005,45
0062,0062,006,1
0068,0068,006,1
0069,0069,006,2
0071,0071,007,13
0074,0074,007,17
0078,0078,007,4
00800,0080,008,6
00804,0080,008,1
00809,0080,008,2
0083,0083,008,1
00841,0084,008,2
00843,0084,008,43
00844,0084,008,1
00845,0084,008,3601
00846,0084,008,1
00847,0084,008,2
00849,0084,008,3
0085,0085,008,29
00861,0086,008,5
00862,0086,008,5
00863,0086,008,77
00867,0086,008,3
00869,0086,008,81
0088,0088,008,1738
0090,0090,009,347
0091,0091,009,89
0092,0092,009,37
0093,0093,009,18
01005,0100,010,1
01083,0108,010,1
01120,0112,011,1
01123,0112,011,7
01124,0112,011,3
01126,0112,011,2
01140,0114,011,2
01160,0116,011,1
01163,0116,011,2
01164,0116,011,1
01180,0118,011,2
01186,0118,011,1
01190,0119,011,51
01191,0119,011,1
01192,0119,011,1
01193,0119,011,5
01194,0119,011,4
01195,0119,011,6
01196,0119,011,5
01200,0120,012,1
01202,0120,012,2
01203,0120,012,1
01204,0120,012,1
01205,0120,012,1
01206,0120,012,1
01215,0121,012,1
01300,0130,013,2
01304,0130,013,1
01320,0132,013,2
01325,0132,013,2
01326,0132,013,1
01330,0133,013,1
01354,0135,013,1
01400,0140,014,3
01402,0140,014,2
01405,0140,014,1
01480,0148,014,2
01485,0148,014,1
01500,0150,015,6
01501,0150,015,1
01502,0150,015,1
01504,0150,015,1
01505,0150,015,1
01522,0152,015,1
01600,0160,016,1
01690,0169,016,1
01720,0172,017,6
01722,0172,017,1
01724,0172,017,1
01730,0173,017,1
01792,0179,017,1
01796,0179,017,1
01803,0180,018,1
01804,0180,018,1
01880,0188,018,1
01890,0189,018,4
01893,0189,018,1
01894,0189,018,2
01895,0189,018,2
01896,0189,018,2
0218,0218,021,1
0239,0239,023,4
025,025,025,1
0270,0270,027,18
0272,0272,027,14
0279,0279,027,1
0309,0309,030,1
0310,0310,031,82
0311,0311,031,6
0312,0312,031,45
0318,0318,031,23
0319,0319,031,18
03284,0328,032,1
03285,0328,032,6
03289,0328,032,8
0329,0329,032,34
0339,0339,033,5
0340,0340,034,147
035,035,035,60
0360,0360,036,6
0361,0361,036,1
0362,0362,036,2
0380,0380,038,639
03810,0381,038,31
03811,0381,038,497
03812,0381,038,299
03819,0381,038,171
0382,0382,038,107
0383,0383,038,133
03840,0384,038,96
03841,0384,038,9
03842,0384,038,1019
03843,0384,038,178
03844,0384,038,51
03849,0384,038,631
0388,0388,038,184
0389,0389,038,4805
0390,0390,039,5
0391,0391,039,14
0392,0392,039,1
0393,0393,039,1
0398,0398,039,14
0400,0400,040,38
04082,0408,040,24
04089,0408,040,1
04100,0410,041,79
04101,0410,041,150
04102,0410,041,610
04103,0410,041,28
04104,0410,041,2445
04105,0410,041,51
04109,0410,041,620
04110,0411,041,202
04111,0411,041,2642
04112,0411,041,1735
04119,0411,041,970
0412,0412,041,30
0413,0413,041,1797
0414,0414,041,2443
04149,0414,041,2997
0415,0415,041,82
0416,0416,041,919
0417,0417,041,1492
04181,0418,041,2
04182,0418,041,84
04183,0418,041,22
04184,0418,041,204
04185,0418,041,1353
04186,0418,041,659
04189,0418,041,388
0419,0419,041,201
042,042,042,2225
04590,0459,045,2
04619,0461,046,5
0463,0463,046,48
04671,0467,046,2
04672,0467,046,2
0478,0478,047,29
0479,0479,047,279
048,048,048,24
0490,0490,049,5
0491,0491,049,1
0498,0498,049,7
0499,0499,049,29
0520,0520,052,2
0521,0521,052,2
0522,0522,052,2
0527,0527,052,10
0529,0529,052,28
0530,0530,053,26
05310,0531,053,2
05311,0531,053,21
05312,0531,053,25
05313,0531,053,5
05314,0531,053,12
05319,0531,053,321
05320,0532,053,32
05321,0532,053,15
05322,0532,053,3
05329,0532,053,26
05371,0537,053,6
05379,0537,053,43
0538,0538,053,1
0539,0539,053,519
0540,0540,054,5
05410,0541,054,394
05411,0541,054,10
05412,0541,054,14
05413,0541,054,19
05419,0541,054,40
0542,0542,054,78
0543,0543,054,31
05440,0544,054,7
05442,0544,054,1
05443,0544,054,17
05444,0544,054,4
05449,0544,054,5
0545,0545,054,1
0546,0546,054,13
05472,0547,054,32
05473,0547,054,4
05474,0547,054,1
05479,0547,054,53
0549,0549,054,890
0559,0559,055,2
0569,0569,056,1
0578,0578,057,10
0579,0579,057,21
05821,0582,058,2
05829,0582,058,2
05881,0588,058,24
05889,0588,058,7
05910,0591,059,1
061,061,061,9
0654,0654,065,1
0661,0661,066,23
0663,0663,066,1
06640,0664,066,1
06641,0664,066,2
06642,0664,066,2
0669,0669,066,1
0700,0700,070,1
0701,0701,070,64
07020,0702,070,36
07022,0702,070,51
07030,0703,070,798
07031,0703,070,12
07032,0703,070,1216
07033,0703,070,4
07041,0704,070,21
07044,0704,070,558
07049,0704,070,1
07051,0705,070,101
07052,0705,070,4
07053,0705,070,9
07054,0705,070,5679
07059,0705,070,14
07070,0707,070,5322
07071,0707,070,320
0709,0709,070,25
07421,0742,074,1
0748,0748,074,1
075,075,075,140
0774,0774,077,1
0778,0778,077,3
07798,0779,077,2
07799,0779,077,38
0780,0780,078,8
07810,0781,078,20
07811,0781,078,78
07812,0781,078,9
07819,0781,078,12
0785,0785,078,374
07881,0788,078,2
07888,0788,078,1
07889,0788,078,7
0790,0790,079,14
0793,0793,079,2
0794,0794,079,59
07951,0795,079,33
07952,0795,079,1
07953,0795,079,11
0796,0796,079,75
07981,0798,079,1
07983,0798,079,6
07988,0798,079,2
07989,0798,079,90
07998,0799,079,15
07999,0799,079,1144
0820,0820,082,3
08240,0824,082,14
08249,0824,082,27
0830,0830,083,3
0839,0839,083,1
0840,0840,084,13
0841,0841,084,1
0843,0843,084,2
0844,0844,084,2
0846,0846,084,6
0849,0849,084,2
0859,0859,085,3
0860,0860,086,11
0862,0862,086,4
0879,0879,087,2
0880,0880,088,2
08881,0888,088,258
08882,0888,088,48
08889,0888,088,1
0909,0909,090,1
0910,0910,091,1
0912,0912,091,2
0913,0913,091,1
09150,0915,091,1
09152,0915,091,2
0919,0919,091,5
0929,0929,092,2
0931,0931,093,1
09322,0932,093,1
0940,0940,094,87
0941,0941,094,3
0942,0942,094,1
0943,0943,094,2
09482,0948,094,2
09484,0948,094,1
09485,0948,094,1
09489,0948,094,1
0949,0949,094,31
0953,0953,095,1
096,096,096,8
0971,0971,097,29
0979,0979,097,32
0980,0980,098,17
09817,0981,098,1
09837,0983,098,1
09850,0985,098,1
0986,0986,098,1
0987,0987,098,2
09886,0988,098,1
0990,0990,099,1
0991,0991,099,4
0993,0993,099,32
09941,0994,099,2
09950,0995,099,1
09952,0995,099,1
09953,0995,099,8
09954,0995,099,15
09955,0995,099,5
1040,1040,104,1
1100,1100,110,11
1101,1101,110,226
1102,1102,110,6
1103,1103,110,168
1104,1104,110,290
1105,1105,110,149
1106,1106,110,1
1108,1108,110,63
1109,1109,110,13
1110,1110,111,23
1118,1118,111,13
1119,1119,111,89
1120,1120,112,2047
1121,1121,112,440
1122,1122,112,529
1123,1123,112,476
1124,1124,112,42
1125,1125,112,194
11281,1128,112,19
11283,1128,112,2
11284,1128,112,412
11285,1128,112,3
11289,1128,112,296
1129,1129,112,86
1140,1140,114,1
1143,1143,114,1
1145,1145,114,1
1149,1149,114,1
11505,1150,115,2
11509,1150,115,2
11590,1159,115,8
11599,1159,115,5
1160,1160,116,3
1161,1161,116,1
1171,1171,117,1
1173,1173,117,248
1174,1174,117,1
1175,1175,117,53
1176,1176,117,1
1177,1177,117,16
1179,1179,117,340
118,118,118,8
1200,1200,120,2
1202,1202,120,1
1208,1208,120,4
1209,1209,120,19
1211,1211,121,3
1213,1213,121,1
1220,1220,122,3
1228,1228,122,3
1229,1229,122,1
1231,1231,123,43
1251,1251,125,2
1254,1254,125,1
1269,1269,126,1
1272,1272,127,33
1273,1273,127,1
1280,1280,128,1
129,129,129,5
1300,1300,130,10
1307,1307,130,23
1308,1308,130,2
1309,1309,130,13
13100,1310,131,4
13101,1310,131,11
13109,1310,131,4
1318,1318,131,1
1319,1319,131,7
1320,1320,132,13
1321,1321,132,4
1323,1323,132,4
1329,1329,132,4
1330,1330,133,52
1338,1338,133,1
1340,1340,134,5
1342,1342,134,1
1348,1348,134,2
1349,1349,134,1
135,135,135,1350
1361,1361,136,52
13621,1362,136,1
1363,1363,136,156
1368,1368,136,9
1369,1369,136,70
1370,1370,137,27
1373,1373,137,2
138,138,138,225
1390,1390,139,17
1398,1398,139,123
1400,1400,140,1
1401,1401,140,3
1404,1404,140,1
1409,1409,140,3
1410,1410,141,45
1411,1411,141,2
1412,1412,141,3
1414,1414,141,2
1418,1418,141,13
1419,1419,141,22
1420,1420,142,26
1421,1421,142,5
1429,1429,142,8
1430,1430,143,1
1431,1431,143,3
1440,1440,144,5
1441,1441,144,1
1449,1449,144,1
1450,1450,145,10
1451,1451,145,1
1452,1452,145,2
1453,1453,145,4
1455,1455,145,2
1458,1458,145,2
1459,1459,145,7
1460,1460,146,35
1461,1461,146,3
1463,1463,146,1
1468,1468,146,8
1469,1469,146,10
1471,1471,147,7
1478,1478,147,11
1479,1479,147,23
1481,1481,148,15
1483,1483,148,1
1488,1488,148,12
1489,1489,148,11
1490,1490,149,18
1498,1498,149,1
1500,1500,150,10
1501,1501,150,10
1502,1502,150,3
1503,1503,150,24
1504,1504,150,36
1505,1505,150,108
1508,1508,150,161
1509,1509,150,189
1510,1510,151,257
1511,1511,151,9
1512,1512,151,61
1513,1513,151,10
1514,1514,151,37
1515,1515,151,12
1516,1516,151,9
1518,1518,151,101
1519,1519,151,144
1520,1520,152,81
1521,1521,152,12
1522,1522,152,9
1528,1528,152,8
1529,1529,152,15
1530,1530,153,46
1531,1531,153,72
1532,1532,153,54
1533,1533,153,196
1534,1534,153,159
1535,1535,153,26
1536,1536,153,170
1537,1537,153,24
1538,1538,153,69
1539,1539,153,266
1540,1540,154,140
1541,1541,154,398
1542,1542,154,7
1543,1543,154,33
1548,1548,154,58
1550,1550,155,1805
1551,1551,155,411
1552,1552,155,52
1560,1560,156,125
1561,1561,156,312
1562,1562,156,114
1568,1568,156,12
1569,1569,156,56
1570,1570,157,886
1571,1571,157,123
1572,1572,157,108
1573,1573,157,48
1574,1574,157,8
1578,1578,157,303
1579,1579,157,562
1580,1580,158,36
1588,1588,158,64
1589,1589,158,59
1591,1591,159,2
1598,1598,159,2
1599,1599,159,6
1600,1600,160,6
1602,1602,160,7
1603,1603,160,2
1608,1608,160,3
1609,1609,160,4
1610,1610,161,19
1611,1611,161,26
1612,1612,161,2
1618,1618,161,15
1619,1619,161,47
1620,1620,162,20
1622,1622,162,180
1623,1623,162,1127
1624,1624,162,109
1625,1625,162,572
1628,1628,162,764
1629,1629,162,1389
1630,1630,163,5
1631,1631,163,1
1638,1638,163,6
1639,1639,163,18
1640,1640,164,34
1641,1641,164,2
1642,1642,164,7
1643,1643,164,1
1648,1648,164,6
1649,1649,164,8
1700,1700,170,5
1701,1701,170,2
1702,1702,170,8
1703,1703,170,6
1704,1704,170,6
1706,1706,170,14
1707,1707,170,98
1708,1708,170,1
1709,1709,170,8
1710,1710,171,24
1712,1712,171,29
1713,1713,171,187
1714,1714,171,34
1715,1715,171,57
1716,1716,171,47
1717,1717,171,6
1718,1718,171,11
1719,1719,171,19
1720,1720,172,3
1721,1721,172,1
1722,1722,172,10
1723,1723,172,47
1724,1724,172,43
1725,1725,172,62
1726,1726,172,47
1727,1727,172,69
1728,1728,172,6
1729,1729,172,137
1730,1730,173,3
17301,1730,173,1
1731,1731,173,7
1732,1732,173,11
17321,1732,173,6
17322,1732,173,6
1733,1733,173,41
17330,1733,173,6
17331,1733,173,21
17332,1733,173,23
17339,1733,173,2
1734,1734,173,21
17340,1734,173,4
17341,1734,173,10
17342,1734,173,24
17349,1734,173,1
1735,1735,173,21
17350,1735,173,6
17351,1735,173,6
17352,1735,173,17
17359,1735,173,2
1736,1736,173,16
17360,1736,173,4
17361,1736,173,9
17362,1736,173,17
17369,1736,173,1
1737,1737,173,39
17370,1737,173,3
17371,1737,173,6
17372,1737,173,26
17379,1737,173,7
1738,1738,173,7
17380,1738,173,2
17381,1738,173,2
17382,1738,173,6
1739,1739,173,8
17391,1739,173,12
17392,1739,173,15
17399,1739,173,1
1740,1740,174,17
1741,1741,174,41
1742,1742,174,53
1743,1743,174,32
1744,1744,174,171
1745,1745,174,43
1746,1746,174,3
1748,1748,174,536
1749,1749,174,1014
1750,1750,175,6
1759,1759,175,19
1760,1760,176,44
1761,1761,176,8
1762,1762,176,4
1763,1763,176,5
1764,1764,176,22
1765,1765,176,3
1768,1768,176,15
1769,1769,176,45
179,179,179,57
1800,1800,180,13
1801,1801,180,1
1808,1808,180,40
1809,1809,180,108
181,181,181,2
1820,1820,182,479
1821,1821,182,1
1828,1828,182,4
1830,1830,183,598
1832,1832,183,34
1834,1834,183,5
1838,1838,183,3
1839,1839,183,2
1840,1840,184,21
1841,1841,184,2
1844,1844,184,42
1848,1848,184,1
1849,1849,184,4
185,185,185,1878
1869,1869,186,28
1872,1872,187,3
1873,1873,187,1
1874,1874,187,10
1876,1876,187,1
1877,1877,187,2
1878,1878,187,1
1879,1879,187,1
1880,1880,188,9
1881,1881,188,23
1882,1882,188,55
1883,1883,188,11
1884,1884,188,29
1885,1885,188,21
1886,1886,188,13
1887,1887,188,2
1888,1888,188,218
1889,1889,188,388
1890,1890,189,1096
1891,1891,189,38
1892,1892,189,36
1893,1893,189,14
1898,1898,189,2
1899,1899,189,2
1900,1900,190,1
1905,1905,190,1
1906,1906,190,3
1908,1908,190,1
1909,1909,190,2
1910,1910,191,26
1911,1911,191,263
1912,1912,191,167
1913,1913,191,132
1914,1914,191,24
1915,1915,191,11
1916,1916,191,12
1917,1917,191,12
1918,1918,191,89
1919,1919,191,112
1920,1920,192,2
1921,1921,192,8
1922,1922,192,6
1923,1923,192,1
1929,1929,192,1
193,193,193,713
1940,1940,194,16
1941,1941,194,2
1943,1943,194,2
1944,1944,194,5
1945,1945,194,1
1950,1950,195,21
1951,1951,195,5
1952,1952,195,5
1953,1953,195,10
1958,1958,195,21
1960,1960,196,401
1961,1961,196,1057
1962,1962,196,1146
1963,1963,196,635
1965,1965,196,144
1966,1966,196,212
1968,1968,196,220
1969,1969,196,176
1970,1970,197,3359
1971,1971,197,190
1972,1972,197,514
1973,1973,197,72
1974,1974,197,296
1975,1975,197,295
1976,1976,197,1573
1977,1977,197,3557
1978,1978,197,550
1980,1980,198,142
1981,1981,198,192
1982,1982,198,169
1983,1983,198,2602
1984,1984,198,295
1985,1985,198,3875
1986,1986,198,103
1987,1987,198,611
19881,1988,198,32
19882,1988,198,201
19889,1988,198,1474
1990,1990,199,31
1991,1991,199,782
1992,1992,199,23
20000,2000,200,2
20005,2000,200,1
20008,2000,200,1
20010,2001,200,58
20011,2001,200,5
20012,2001,200,2
20013,2001,200,6
20014,2001,200,4
20018,2001,200,11
20020,2002,200,144
20021,2002,200,10
20022,2002,200,2
20023,2002,200,26
20024,2002,200,1
20025,2002,200,2
20027,2002,200,1
20028,2002,200,24
20030,2003,200,93
20031,2003,200,2
20032,2003,200,7
20033,2003,200,4
20034,2003,200,3
20035,2003,200,1
20036,2003,200,1
20037,2003,200,15
20038,2003,200,6
20040,2004,200,120
20041,2004,200,15
20042,2004,200,8
20043,2004,200,12
20044,2004,200,2
20045,2004,200,2
20047,2004,200,7
20048,2004,200,22
20050,2005,200,297
20051,2005,200,42
20052,2005,200,1
20054,2005,200,1
20058,2005,200,2
20060,2006,200,9
20061,2006,200,1
20064,2006,200,5
20070,2007,200,94
20071,2007,200,11
20072,2007,200,4
20073,2007,200,16
20074,2007,200,1
20075,2007,200,1
20076,2007,200,2
20077,2007,200,2
20078,2007,200,16
20080,2008,200,94
20082,2008,200,3
20084,2008,200,1
20085,2008,200,1
20088,2008,200,2
20108,2010,201,1
20120,2012,201,1
20121,2012,201,1
20140,2014,201,3
20141,2014,201,1
20143,2014,201,3
20148,2014,201,3
20150,2015,201,27
20151,2015,201,4
20152,2015,201,17
20153,2015,201,1
20154,2015,201,2
20158,2015,201,26
20160,2016,201,3
20161,2016,201,1
20168,2016,201,5
20170,2017,201,1
20174,2017,201,1
20190,2019,201,377
20191,2019,201,18
20192,2019,201,23
20193,2019,201,12
20194,2019,201,7
20195,2019,201,4
20196,2019,201,3
20197,2019,201,2
20198,2019,201,39
20200,2020,202,227
20201,2020,202,18
20202,2020,202,4
20203,2020,202,30
20204,2020,202,7
20205,2020,202,6
20206,2020,202,4
20208,2020,202,74
20210,2021,202,186
20211,2021,202,6
20212,2021,202,6
20213,2021,202,14
20214,2021,202,1
20215,2021,202,6
20217,2021,202,1
20218,2021,202,27
20220,2022,202,1
20221,2022,202,1
20230,2023,202,1
20240,2024,202,53
20241,2024,202,1
20252,2025,202,1
20260,2026,202,40
20270,2027,202,57
20271,2027,202,3
20273,2027,202,3
20275,2027,202,2
20278,2027,202,17
20280,2028,202,2356
20281,2028,202,135
20282,2028,202,131
20283,2028,202,183
20284,2028,202,36
20285,2028,202,50
20286,2028,202,12
20287,2028,202,8
20288,2028,202,290
20290,2029,202,1
20291,2029,202,2
20292,2029,202,1
20293,2029,202,1
20295,2029,202,1
20296,2029,202,1
20298,2029,202,1
20300,2030,203,1555
20301,2030,203,85
20302,2030,203,148
20310,2031,203,19
20311,2031,203,5
20312,2031,203,12
20380,2038,203,48
20382,2038,203,3
20400,2040,204,300
20401,2040,204,96
20402,2040,204,35
20410,2041,204,1058
20411,2041,204,68
20412,2041,204,54
20480,2048,204,16
20481,2048,204,2
20482,2048,204,6
20490,2049,204,5
20492,2049,204,1
20500,2050,205,931
20501,2050,205,405
20502,2050,205,176
20510,2051,205,260
20511,2051,205,68
20512,2051,205,10
20530,2053,205,16
20531,2053,205,1
20580,2058,205,2
20581,2058,205,2
20590,2059,205,1
20591,2059,205,1
20600,2060,206,15
20601,2060,206,1
20610,2061,206,1
20700,2070,207,9
20701,2070,207,1
20702,2070,207,1
20720,2072,207,3
20721,2072,207,3
20722,2072,207,1
20780,2078,207,17
20781,2078,207,4
20782,2078,207,1
20800,2080,208,13
20810,2081,208,1
20811,2081,208,1
20880,2088,208,1
20881,2088,208,2
20890,2089,208,13
20891,2089,208,3
20900,2090,209,16
20901,2090,209,3
20903,2090,209,20
20910,2091,209,4
20911,2091,209,5
20913,2091,209,1
20916,2091,209,4
20917,2091,209,13
20920,2092,209,31
20921,2092,209,66
20923,2092,209,2
20924,2092,209,1
20925,2092,209,2
20926,2092,209,2
20927,2092,209,1
20929,2092,209,90
20930,2093,209,29
20931,2093,209,1
20932,2093,209,1
20933,2093,209,4
20936,2093,209,7
20940,2094,209,3
20941,2094,209,5
20942,2094,209,2
20943,2094,209,12
20950,2095,209,1
20951,2095,209,4
20957,2095,209,7
20960,2096,209,7
20961,2096,209,25
20962,2096,209,1
20963,2096,209,6
20965,2096,209,2
20966,2096,209,4
20969,2096,209,34
20970,2097,209,3
20971,2097,209,38
20972,2097,209,158
20973,2097,209,40
20974,2097,209,22
20975,2097,209,8
20979,2097,209,88
2101,2101,210,2
2102,2102,210,66
2104,2104,210,6
2106,2106,210,1
2107,2107,210,1
2109,2109,210,1
2110,2110,211,7
2111,2111,211,395
2112,2112,211,153
2113,2113,211,1561
2114,2114,211,139
2115,2115,211,127
2116,2116,211,99
2117,2117,211,7
2118,2118,211,27
2119,2119,211,4
2120,2120,212,6
2121,2121,212,2
2122,2122,212,1
2123,2123,212,5
2125,2125,212,6
2126,2126,212,27
2127,2127,212,51
2130,2130,213,10
2131,2131,213,1
2132,2132,213,16
2133,2133,213,1
2134,2134,213,5
2136,2136,213,4
2137,2137,213,27
2138,2138,213,2
2139,2139,213,2
2140,2140,214,5
2141,2141,214,54
2142,2142,214,1
2143,2143,214,62
2144,2144,214,34
2148,2148,214,116
2149,2149,214,9
2150,2150,215,9
2152,2152,215,10
2153,2153,215,12
2154,2154,215,8
2155,2155,215,28
2156,2156,215,13
2157,2157,215,4
2158,2158,215,2
2159,2159,215,19
2160,2160,216,1
2161,2161,216,17
2162,2162,216,7
2163,2163,216,43
2164,2164,216,37
2165,2165,216,69
2166,2166,216,10
2167,2167,216,27
2168,2168,216,19
2169,2169,216,23
217,217,217,35
2180,2180,218,169
2181,2181,218,515
2182,2182,218,368
2189,2189,218,1675
2190,2190,219,6
2191,2191,219,7
2199,2199,219,3
220,220,220,248
2210,2210,221,25
2211,2211,221,1
2212,2212,221,2
2218,2218,221,6
2230,2230,223,72
2233,2233,223,6
2241,2241,224,1
2249,2249,224,9
2250,2250,225,38
2251,2251,225,33
2252,2252,225,709
2253,2253,225,12
2254,2254,225,41
2259,2259,225,1
226,226,226,183
2270,2270,227,300
2271,2271,227,218
2273,2273,227,278
2274,2274,227,2
2275,2275,227,1
22800,2280,228,9
22801,2280,228,238
22802,2280,228,104
22804,2280,228,218
22809,2280,228,124
2281,2281,228,15
2298,2298,229,6
2300,2300,230,3
2302,2302,230,1
2303,2303,230,4
2304,2304,230,2
2305,2305,230,2
2306,2306,230,8
2307,2307,230,1
2309,2309,230,11
2310,2310,231,1
2312,2312,231,13
2323,2323,232,5
2325,2325,232,10
2326,2326,232,7
2327,2327,232,2
2329,2329,232,3
2330,2330,233,296
2331,2331,233,35
23331,2333,233,2
23332,2333,233,7
23339,2333,233,3
2334,2334,233,5
2335,2335,233,3
2337,2337,233,12
2339,2339,233,4
2348,2348,234,1
2349,2349,234,1
2350,2350,235,2
2351,2351,235,2
2352,2352,235,54
2353,2353,235,26
2354,2354,235,19
2355,2355,235,56
2356,2356,235,3
2357,2357,235,48
2358,2358,235,5
2360,2360,236,4
2361,2361,236,3
2362,2362,236,23
2363,2363,236,1
2365,2365,236,2
2366,2366,236,1
2367,2367,236,19
23691,2369,236,28
2370,2370,237,19
2371,2371,237,5
2372,2372,237,7
2373,2373,237,10
2374,2374,237,30
2375,2375,237,71
2376,2376,237,9
23770,2377,237,56
23771,2377,237,59
23772,2377,237,6
23773,2377,237,3
23779,2377,237,2
2379,2379,237,4
2380,2380,238,30
2381,2381,238,156
2382,2382,238,8
2383,2383,238,2
2384,2384,238,518
2385,2385,238,2
2386,2386,238,10
23871,2387,238,1136
23872,2387,238,23
23873,2387,238,19
23874,2387,238,8
23875,2387,238,1027
23876,2387,238,30
23877,2387,238,56
23879,2387,238,169
2388,2388,238,4
2390,2390,239,82
2391,2391,239,27
2392,2392,239,30
2393,2393,239,1
2394,2394,239,20
2395,2395,239,30
2396,2396,239,63
2397,2397,239,56
2398,2398,239,3
23989,2398,239,11
2399,2399,239,1
2400,2400,240,1
2409,2409,240,390
2410,2410,241,1337
2411,2411,241,877
2419,2419,241,64
24200,2420,242,668
24201,2420,242,19
24210,2421,242,20
24220,2422,242,76
24221,2422,242,1
24230,2423,242,7
24280,2428,242,74
24281,2428,242,2
24290,2429,242,707
24291,2429,242,5
243,243,243,51
2440,2440,244,1360
2441,2441,244,408
2442,2442,244,33
2443,2443,244,123
2448,2448,244,212
2449,2449,244,29051
2450,2450,245,2
2451,2451,245,6
2452,2452,245,418
2454,2454,245,4
2458,2458,245,23
2459,2459,245,35
2461,2461,246,3
2462,2462,246,35
2468,2468,246,112
2469,2469,246,231
24900,2490,249,684
24901,2490,249,59
24911,2491,249,14
24920,2492,249,3
24940,2494,249,8
24941,2494,249,4
24950,2495,249,6
24951,2495,249,4
24960,2496,249,23
24961,2496,249,5
24970,2497,249,1
24971,2497,249,1
24980,2498,249,27
24981,2498,249,15
24990,2499,249,15
24991,2499,249,7
25000,2500,250,43705
25001,2500,250,1391
25002,2500,250,2560
25003,2500,250,192
25010,2501,250,5
25011,2501,250,23
25012,2501,250,392
25013,2501,250,797
25020,2502,250,50
25021,2502,250,1
25022,2502,250,87
25023,2502,250,10
25030,2503,250,5
25031,2503,250,3
25032,2503,250,9
25033,2503,250,11
25040,2504,250,4360
25041,2504,250,1181
25042,2504,250,923
25043,2504,250,665
25050,2505,250,2974
25051,2505,250,1356
25052,2505,250,736
25053,2505,250,738
25060,2506,250,7080
25061,2506,250,1828
25062,2506,250,1577
25063,2506,250,1127
25070,2507,250,695
25071,2507,250,142
25072,2507,250,262
25073,2507,250,92
25080,2508,250,2496
25081,2508,250,560
25082,2508,250,881
25083,2508,250,406
25090,2509,250,171
25091,2509,250,18
25092,2509,250,351
25093,2509,250,36
2510,2510,251,1
2511,2511,251,141
2512,2512,251,577
2513,2513,251,123
2515,2515,251,16
2518,2518,251,72
2519,2519,251,15
25200,2520,252,1022
25201,2520,252,531
25202,2520,252,52
25208,2520,252,79
2521,2521,252,103
2528,2528,252,19
2529,2529,252,7
2530,2530,253,33
2531,2531,253,62
2532,2532,253,192
2533,2533,253,2
2534,2534,253,23
2535,2535,253,267
2536,2536,253,1657
2537,2537,253,84
2538,2538,253,90
2539,2539,253,20
2540,2540,254,5
2541,2541,254,2
2548,2548,254,11
2549,2549,254,2
2550,2550,255,90
25510,2551,255,91
25511,2551,255,1
25512,2551,255,18
25513,2551,255,4
25514,2551,255,2
2552,2552,255,22
2553,2553,255,6
25541,2554,255,1230
25542,2554,255,44
2555,2555,255,155
2558,2558,255,135
2559,2559,255,202
2561,2561,256,45
2562,2562,256,5
25631,2563,256,7
25639,2563,256,19
2564,2564,256,579
2568,2568,256,2
2569,2569,256,2
2570,2570,257,4
2571,2571,257,1
2572,2572,257,504
2579,2579,257,1
25801,2580,258,11
25802,2580,258,2
25803,2580,258,1
2581,2581,258,3
2588,2588,258,4
2589,2589,258,9
2591,2591,259,1
2592,2592,259,25
2593,2593,259,1
2594,2594,259,6
25950,2595,259,3
25951,2595,259,1
2598,2598,259,6
2599,2599,259,51
260,260,260,15
261,261,261,768
262,262,262,368
2630,2630,263,702
2631,2631,263,239
2638,2638,263,61
2639,2639,263,3180
2649,2649,264,3
2650,2650,265,7
2651,2651,265,99
2652,2652,265,4
2660,2660,266,2
2661,2661,266,2
2662,2662,266,2362
2669,2669,266,39
267,267,267,6
2680,2680,268,3
2682,2682,268,42
2689,2689,268,2745
2690,2690,269,86
2691,2691,269,4
2692,2692,269,22
2693,2693,269,27
2698,2698,269,22
2699,2699,269,40
2700,2700,270,28
2701,2701,270,2
2702,2702,270,27
2703,2703,270,6
2704,2704,270,61
2706,2706,270,35
2708,2708,270,2
2710,2710,271,126
2712,2712,271,6
2713,2713,271,492
2714,2714,271,3
2718,2718,271,4
2720,2720,272,20181
2721,2721,272,785
2722,2722,272,38
2723,2723,272,5
2724,2724,272,68215
2725,2725,272,13
2726,2726,272,55
2727,2727,272,28
2728,2728,272,96
2729,2729,272,10
2730,2730,273,16
2731,2731,273,795
2732,2732,273,130
2733,2733,273,165
2734,2734,273,84
2738,2738,273,603
2739,2739,273,30
2740,2740,274,206
27400,2740,274,195
27401,2740,274,847
27402,2740,274,59
27403,2740,274,61
27411,2741,274,9
27482,2748,274,47
27489,2748,274,6
2749,2749,274,11074
2750,2750,275,140
27501,2750,275,45
27502,2750,275,23
27503,2750,275,319
27509,2750,275,22
2751,2751,275,61
2752,2752,275,1988
2753,2753,275,2621
27540,2754,275,17
27541,2754,275,1361
27542,2754,275,1494
27549,2754,275,480
2755,2755,275,23
2758,2758,275,5
2759,2759,275,5
2760,2760,276,4383
2761,2761,276,12997
2762,2762,276,9591
2763,2763,276,1935
2764,2764,276,943
27650,2765,276,1282
27651,2765,276,10939
27652,2765,276,4475
2766,2766,276,615
27661,2766,276,35
27669,2766,276,2063
2767,2767,276,7604
2768,2768,276,7059
2769,2769,276,394
27700,2770,277,40
27701,2770,277,1
27702,2770,277,22
27703,2770,277,2
27709,2770,277,4
2771,2771,277,30
27730,2773,277,86
27731,2773,277,39
27739,2773,277,587
2774,2774,277,297
2776,2776,277,17
2777,2777,277,216
27781,2778,277,5
27782,2778,277,2
27784,2778,277,1
27785,2778,277,5
27786,2778,277,14
27787,2778,277,133
27788,2778,277,144
27789,2778,277,31
2779,2779,277,15
27800,2780,278,14512
27801,2780,278,6845
27802,2780,278,277
27803,2780,278,470
2781,2781,278,220
2784,2784,278,2
2788,2788,278,44
27900,2790,279,436
27901,2790,279,87
27902,2790,279,5
27903,2790,279,128
27904,2790,279,1
27906,2790,279,181
27910,2791,279,15
27911,2791,279,2
27919,2791,279,9
2792,2792,279,8
2793,2793,279,17
2794,2794,279,15
27941,2794,279,11
27949,2794,279,111
27950,2795,279,178
27951,2795,279,98
27952,2795,279,303
27953,2795,279,43
2798,2798,279,52
2799,2799,279,5
2800,2800,280,2472
2801,2801,280,3
2808,2808,280,101
2809,2809,280,7460
2810,2810,281,351
2811,2811,281,525
2812,2812,281,61
2813,2813,281,18
2818,2818,281,1
2819,2819,281,1067
2820,2820,282,13
2821,2821,282,4
2822,2822,282,197
2823,2823,282,14
28240,2824,282,114
28241,2824,282,9
28242,2824,282,7
28243,2824,282,21
28244,2824,282,35
28245,2824,282,1
28246,2824,282,237
28249,2824,282,234
2825,2825,282,805
28260,2826,282,122
28261,2826,282,16
28262,2826,282,166
28263,2826,282,14
28264,2826,282,19
28268,2826,282,14
28269,2826,282,34
2827,2827,282,29
2828,2828,282,2
2829,2829,282,3
2830,2830,283,245
28310,2831,283,9
28311,2831,283,17
28319,2831,283,75
2832,2832,283,12
2839,2839,283,249
28401,2840,284,11
28409,2840,284,5
2841,2841,284,1517
28411,2841,284,528
28412,2841,284,118
28419,2841,284,1892
2842,2842,284,15
28481,2848,284,23
28489,2848,284,251
2849,2849,284,62
2850,2850,285,8
2851,2851,285,10496
28521,2852,285,6485
28522,2852,285,1829
28529,2852,285,3690
2853,2853,285,1046
2858,2858,285,479
2859,2859,285,24619
2860,2860,286,111
2861,2861,286,33
2862,2862,286,59
2863,2863,286,136
2864,2864,286,231
2865,2865,286,6
28652,2865,286,13
28653,2865,286,2
28659,2865,286,7
2866,2866,286,529
2867,2867,286,979
2869,2869,286,1686
2870,2870,287,47
2871,2871,287,30
2872,2872,287,27
28730,2873,287,43
28731,2873,287,725
28732,2873,287,27
28733,2873,287,18
28739,2873,287,2
2874,2874,287,596
28749,2874,287,1548
2875,2875,287,8953
2878,2878,287,3
2879,2879,287,25
2880,2880,288,1
28800,2880,288,1944
28801,2880,288,13
28802,2880,288,10
28803,2880,288,1004
28804,2880,288,89
28809,2880,288,90
2881,2881,288,10
2882,2882,288,10
2883,2883,288,1016
2884,2884,288,69
28850,2885,288,1485
28851,2885,288,30
28859,2885,288,4
28860,2886,288,6730
28861,2886,288,32
28862,2886,288,27
28863,2886,288,13
28864,2886,288,1
28866,2886,288,65
28869,2886,288,4
2888,2888,288,34
2889,2889,288,9
2890,2890,289,103
2891,2891,289,4
2892,2892,289,17
2893,2893,289,46
2894,2894,289,82
28950,2895,289,31
28951,2895,289,58
28952,2895,289,22
28953,2895,289,6
28959,2895,289,395
2897,2897,289,15
28981,2898,289,1343
28982,2898,289,82
28983,2898,289,103
28984,2898,289,265
28989,2898,289,205
2899,2899,289,57
3201,3201,320,7
3202,3202,320,23
3203,3203,320,29
3207,3207,320,41
32081,3208,320,2
32082,3208,320,17
32089,3208,320,6
3209,3209,320,46
3210,3210,321,27
3211,3211,321,2
3212,3212,321,2
3218,3218,321,1
3220,3220,322,16
3221,3221,322,5
3222,3222,322,11
3229,3229,322,163
32301,3230,323,9
32341,3234,323,7
32342,3234,323,3
32361,3236,323,14
32362,3236,323,8
32363,3236,323,3
32372,3237,323,2
32381,3238,323,43
32382,3238,323,80
3239,3239,323,69
3240,3240,324,82
3241,3241,324,344
3249,3249,324,6
325,325,325,75
326,326,326,65
32701,3270,327,9
32702,3270,327,8
32712,3271,327,1
32713,3271,327,3
32714,3271,327,2
32715,3271,327,1
32719,3271,327,1
32720,3272,327,1
32721,3272,327,25
32723,3272,327,17873
32724,3272,327,18
32725,3272,327,1
32726,3272,327,32
32727,3272,327,38
32730,3273,327,4
32731,3273,327,1
32732,3273,327,3
32733,3273,327,1
32736,3273,327,1
32737,3273,327,2
32739,3273,327,4
32742,3274,327,33
32743,3274,327,1
32751,3275,327,8
32752,3275,327,2
32753,3275,327,1
3300,3300,330,3
3301,3301,330,2
3308,3308,330,6
3310,3310,331,2726
33111,3311,331,5
33119,3311,331,137
3313,3313,331,68
3314,3314,331,887
3315,3315,331,272
3316,3316,331,10
3317,3317,331,22
33182,3318,331,723
33183,3318,331,512
33189,3318,331,10
3319,3319,331,118
3320,3320,332,2539
3321,3321,332,71
3330,3330,333,187
3331,3331,333,954
3332,3332,333,292
3334,3334,333,19
3335,3335,333,20
3336,3336,333,33
33371,3337,333,4
33372,3337,333,50
33379,3337,333,15
33381,3338,333,15
33382,3338,333,14
33383,3338,333,17
33384,3338,333,1
33385,3338,333,180
33390,3339,333,56
33391,3339,333,40
33392,3339,333,18
33394,3339,333,2168
33399,3339,333,118
3340,3340,334,8
3341,3341,334,42
3342,3342,334,20
3343,3343,334,54
3344,3344,334,6
3348,3348,334,4
3349,3349,334,4
33510,3351,335,5
33511,3351,335,3
33520,3352,335,116
33521,3352,335,4
33522,3352,335,10
33523,3352,335,7
33524,3352,335,3
33529,3352,335,3
3359,3359,335,2
3360,3360,336,34
3361,3361,336,148
3362,3362,336,2
3363,3363,336,377
3368,3368,336,60
3369,3369,336,135
3370,3370,337,3
33700,3370,337,5
33701,3370,337,11
33709,3370,337,4
3371,3371,337,565
33720,3372,337,97
33721,3372,337,27
33722,3372,337,80
33729,3372,337,15
3373,3373,337,68
3379,3379,337,497
3380,3380,338,20
33811,3381,338,213
33812,3381,338,89
33818,3381,338,2097
33819,3381,338,1152
33821,3382,338,129
33822,3382,338,10
33828,3382,338,107
33829,3382,338,11756
3383,3383,338,1838
3384,3384,338,704
33900,3390,339,41
33901,3390,339,2
33902,3390,339,9
33903,3390,339,1
33904,3390,339,2
33905,3390,339,1
33910,3391,339,16
33911,3391,339,1
33912,3391,339,34
33920,3392,339,41
33921,3392,339,14
33922,3392,339,4
3393,3393,339,51
33941,3394,339,1
33942,3394,339,4
33943,3394,339,2
33982,3398,339,2
33983,3398,339,2
33984,3398,339,2
33985,3398,339,1
33989,3398,339,10
340,340,340,1746
3410,3410,341,94
3411,3411,341,4
34120,3412,341,14
34121,3412,341,2
34122,3412,341,3
3418,3418,341,28
3419,3419,341,62
34200,3420,342,99
34201,3420,342,34
34202,3420,342,36
34210,3421,342,27
34211,3421,342,6
34212,3421,342,4
34280,3428,342,65
34281,3428,342,47
34282,3428,342,38
34290,3429,342,1070
34291,3429,342,275
34292,3429,342,267
3430,3430,343,26
3431,3431,343,38
3432,3432,343,48
3434,3434,343,5
3438,3438,343,27
3439,3439,343,431
34400,3440,344,273
34401,3440,344,13
34402,3440,344,3
34403,3440,344,10
34404,3440,344,15
34409,3440,344,18
3441,3441,344,948
3442,3442,344,9
34430,3443,344,26
34431,3443,344,3
34432,3443,344,1
34440,3444,344,17
34441,3444,344,5
34442,3444,344,3
3445,3445,344,7
34460,3446,344,132
34461,3446,344,72
34481,3448,344,9
34489,3448,344,101
3449,3449,344,56
34500,3450,345,90
34501,3450,345,25
34510,3451,345,617
34511,3451,345,149
3452,3452,345,6
3453,3453,345,395
34540,3454,345,566
34541,3454,345,238
34550,3455,345,536
34551,3455,345,142
34561,3456,345,1
34570,3457,345,72
34571,3457,345,30
34580,3458,345,401
34581,3458,345,47
34590,3459,345,6979
34591,3459,345,190
34600,3460,346,301
34601,3460,346,9
34602,3460,346,3
34603,3460,346,1
34610,3461,346,58
34611,3461,346,6
34612,3461,346,1
34613,3461,346,1
34620,3462,346,50
34621,3462,346,2
34622,3462,346,1
34623,3462,346,2
34630,3463,346,13
34631,3463,346,1
34632,3463,346,1
34640,3464,346,12
34643,3464,346,1
34650,3465,346,5
34670,3467,346,86
34671,3467,346,5
34672,3467,346,1
34673,3467,346,2
34680,3468,346,372
34681,3468,346,3
34682,3468,346,2
34683,3468,346,4
34690,3469,346,6952
34691,3469,346,33
34692,3469,346,20
34693,3469,346,11
34700,3470,347,133
34701,3470,347,19
34710,3471,347,2
34711,3471,347,1
3480,3480,348,218
3481,3481,348,536
3482,3482,348,177
34830,3483,348,2366
34831,3483,348,1342
34839,3483,348,888
3484,3484,348,1134
3485,3485,348,2681
3488,3488,348,109
34881,3488,348,26
34882,3488,348,69
34889,3488,348,629
3489,3489,348,185
3490,3490,349,345
3491,3491,349,2
3492,3492,349,128
34931,3493,349,191
34939,3493,349,25
34981,3498,349,23
34982,3498,349,2997
34989,3498,349,65
3499,3499,349,39
3501,3501,350,295
3502,3502,350,6
3508,3508,350,4
3509,3509,350,12
3510,3510,351,486
3518,3518,351,113
3519,3519,351,33
3520,3520,352,1
3521,3521,352,6
3522,3522,352,4
3523,3523,352,15
3524,3524,352,1
3525,3525,352,10
3526,3526,352,21
3529,3529,352,13
3530,3530,353,124
3531,3531,353,15
3532,3532,353,7
3534,3534,353,1
3535,3535,353,29
3536,3536,353,110
3538,3538,353,6
3540,3540,354,482
3541,3541,354,32
3542,3542,354,159
3543,3543,354,80
3544,3544,354,2
3545,3545,354,26
3548,3548,354,29
3549,3549,354,204
3550,3550,355,45
3551,3551,355,49
3552,3552,355,34
3553,3553,355,69
3555,3555,355,8
3556,3556,355,8
35571,3557,355,4
35579,3557,355,26
3558,3558,355,1002
3559,3559,355,1281
3560,3560,356,10
3561,3561,356,63
3562,3562,356,40
3563,3563,356,2
3564,3564,356,8
3568,3568,356,161
3569,3569,356,3747
3570,3570,357,150
3571,3571,357,11
3572,3572,357,9462
3573,3573,357,18
3574,3574,357,94
3575,3575,357,191
3576,3576,357,291
3577,3577,357,98
35781,3578,357,103
35782,3578,357,20
35789,3578,357,10
3579,3579,357,1
35800,3580,358,437
35801,3580,358,66
3581,3581,358,6
35830,3583,358,3
35831,3583,358,2
3588,3588,358,4
3589,3589,358,21
3590,3590,359,5
3591,3591,359,60
35921,3592,359,62
35922,3592,359,35
35924,3592,359,1
35929,3592,359,3
3593,3593,359,8
3594,3594,359,172
3595,3595,359,12
3596,3596,359,14
35971,3597,359,28
35979,3597,359,7
35981,3598,359,68
35989,3598,359,102
3599,3599,359,90
36000,3600,360,23
36001,3600,360,7
36002,3600,360,1
36003,3600,360,2
36019,3601,360,2
36021,3602,360,2
36030,3603,360,1
36033,3603,360,1
36040,3604,360,1
36042,3604,360,1
36043,3604,360,8
36050,3605,360,1
36060,3606,360,1
36064,3606,360,1
36065,3606,360,1
36081,3608,360,1
36100,3610,361,8
36101,3610,361,1
36102,3610,361,1
36103,3610,361,1
36105,3610,361,3
36106,3610,361,3
36107,3610,361,11
36110,3611,361,2
36112,3611,361,2
36119,3611,361,1
3612,3612,361,2
36130,3613,361,4
36131,3613,361,1
36189,3618,361,6
3619,3619,361,66
36201,3620,362,5431
36202,3620,362,140
36203,3620,362,85
36204,3620,362,27
36205,3620,362,32
36206,3620,362,12
36207,3620,362,51
36210,3621,362,132
36211,3621,362,59
36213,3621,362,3
36214,3621,362,2
36215,3621,362,1
36217,3621,362,10
36218,3621,362,3
36220,3622,362,126
36221,3622,362,13
36223,3622,362,106
36224,3622,362,81
36225,3622,362,47
36226,3622,362,1
36229,3622,362,10
36230,3623,362,79
36231,3623,362,25
36232,3623,362,10
36233,3623,362,4
36234,3623,362,65
36235,3623,362,14
36236,3623,362,2
36241,3624,362,15
36250,3625,362,1613
36251,3625,362,57
36252,3625,362,50
36253,3625,362,4
36254,3625,362,6
36256,3625,362,9
36257,3625,362,12
36260,3626,362,5
36263,3626,362,4
36270,3627,362,1
36271,3627,362,1
36274,3627,362,59
36275,3627,362,11
36276,3627,362,1
36281,3628,362,63
36283,3628,362,11
36284,3628,362,3
36289,3628,362,40
3629,3629,362,6
36315,3631,363,11
36320,3632,363,39
36321,3632,363,1
36330,3633,363,1
36340,3634,363,1
36361,3636,363,7
36371,3637,363,1
36372,3637,363,3
3638,3638,363,7
36400,3640,364,3
36402,3640,364,1
36404,3640,364,10
36405,3640,364,1
36410,3641,364,13
36411,3641,364,4
36421,3642,364,1
3643,3643,364,77
36441,3644,364,2
36442,3644,364,2
36451,3645,364,1
36453,3645,364,1
36470,3647,364,2
36476,3647,364,3
36481,3648,364,2
36489,3648,364,3
3649,3649,364,4
36500,3650,365,24
36501,3650,365,1
36502,3650,365,1
36504,3650,365,25
36510,3651,365,159
36511,3651,365,76
36512,3651,365,13
36513,3651,365,3
36514,3651,365,19
36520,3652,365,36
36521,3652,365,1
36522,3652,365,18
36523,3652,365,8
36531,3653,365,2
36542,3654,365,2
36544,3654,365,7
36552,3655,365,10
36560,3656,365,2
36562,3656,365,1
36563,3656,365,24
36565,3656,365,2
36570,3657,365,382
36571,3657,365,5
36572,3657,365,6
36573,3657,365,14
36574,3657,365,1
36582,3658,365,1
36589,3658,365,24
3659,3659,365,5404
36600,3660,366,5
36601,3660,366,1
36610,3661,366,13
36611,3661,366,2
36614,3661,366,2
36615,3661,366,13
36616,3661,366,27
36617,3661,366,1
36620,3662,366,1
36641,3664,366,11
36644,3664,366,1
36645,3664,366,13
36646,3664,366,2
36650,3665,366,1
3668,3668,366,191
3669,3669,366,1255
3670,3670,367,5
3671,3671,367,25
36720,3672,367,10
3674,3674,367,32
3679,3679,367,2
36800,3680,368,31
36801,3680,368,4
36810,3681,368,2
36811,3681,368,8
36812,3681,368,56
36813,3681,368,150
36814,3681,368,3
36815,3681,368,12
36816,3681,368,242
3682,3682,368,558
36830,3683,368,2
36831,3683,368,1
36840,3684,368,117
36841,3684,368,5
36842,3684,368,2
36843,3684,368,4
36844,3684,368,31
36845,3684,368,7
36846,3684,368,454
36847,3684,368,15
36852,3685,368,1
36853,3685,368,1
36859,3685,368,7
3688,3688,368,667
3689,3689,368,135
36900,3690,369,404
36901,3690,369,2
36902,3690,369,1
36903,3690,369,2
36904,3690,369,3
36910,3691,369,22
36911,3691,369,2
36920,3692,369,1
36922,3692,369,1
36924,3692,369,1
3693,3693,369,26
3694,3694,369,1504
36960,3696,369,621
36961,3696,369,8
36964,3696,369,4
36967,3696,369,2
36969,3696,369,1
36970,3697,369,23
36971,3697,369,2
36973,3697,369,1
36974,3697,369,2
3698,3698,369,133
3699,3699,369,147
37000,3700,370,24
37001,3700,370,1
37004,3700,370,4
37005,3700,370,1
37006,3700,370,1
37021,3702,370,1
37023,3702,370,3
37024,3702,370,1
37033,3703,370,1
37034,3703,370,36
37040,3704,370,3
37049,3704,370,3
37052,3705,370,1
37062,3706,370,1
3708,3708,370,7
3709,3709,370,16
37100,3710,371,5
37114,3711,371,1
37120,3712,371,5
37123,3712,371,4
37140,3714,371,28
37141,3714,371,2
37142,3714,371,4
37143,3714,371,3
37149,3714,371,2
37150,3715,371,3
37152,3715,371,2
37155,3715,371,1
37157,3715,371,2
37160,3716,371,6
37182,3718,371,1
37189,3718,371,7
37200,3720,372,50
37203,3720,372,9
37204,3720,372,1
37206,3720,372,1
37210,3721,372,4
37214,3721,372,15
37220,3722,372,6
37230,3723,372,376
37233,3723,372,4
37239,3723,372,40
37240,3724,372,14
37245,3724,372,1
37271,3727,372,1
37272,3727,372,203
37273,3727,372,49
37274,3727,372,15
37289,3728,372,7
3729,3729,372,2
37300,3730,373,69
37302,3730,373,1
37311,3731,373,19
37312,3731,373,4
37313,3731,373,42
3732,3732,373,14
37331,3733,373,2
37332,3733,373,1
37333,3733,373,1
3734,3734,373,1
3739,3739,373,3
37400,3740,374,4
37401,3740,374,1
37405,3740,374,1
37410,3741,374,6
37414,3741,374,1
37420,3742,374,11
37421,3742,374,1
37430,3743,374,277
37431,3743,374,9
37432,3743,374,10
37433,3743,374,2
37434,3743,374,5
37441,3744,374,2
37443,3744,374,3
37446,3744,374,1
37451,3745,374,1
37452,3745,374,1
37454,3745,374,1
37455,3745,374,1
37481,3748,374,2
37482,3748,374,21
37484,3748,374,2
37486,3748,374,1
37489,3748,374,8
3749,3749,374,3
37500,3750,375,5
37501,3750,375,1
37503,3750,375,1
37512,3751,375,1
37515,3751,375,186
37520,3752,375,2
37530,3753,375,6
37532,3753,375,2
37555,3755,375,15
37556,3755,375,4
37589,3758,375,2
3759,3759,375,1
37601,3760,376,57
37610,3761,376,1
37611,3761,376,3
37612,3761,376,5
37621,3762,376,1
37630,3763,376,48
37631,3763,376,2
37632,3763,376,6
37633,3763,376,24
37647,3764,376,1
37650,3765,376,1
37652,3765,376,3
37681,3768,376,1
37689,3768,376,13
3769,3769,376,3
37700,3770,377,20
37701,3770,377,17
37710,3771,377,34
37714,3771,377,3
37716,3771,377,2
37721,3772,377,2
37723,3772,377,1
37724,3772,377,2
37730,3773,377,83
37731,3773,377,3
37732,3773,377,5
37733,3773,377,5
37739,3773,377,43
37741,3774,377,37
37742,3774,377,1
37743,3774,377,5
37749,3774,377,28
37751,3775,377,4
37752,3775,377,1
37754,3775,377,2
37775,3777,377,41
3779,3779,377,7
37800,3780,378,25
37801,3780,378,1
37805,3780,378,1
37810,3781,378,42
37811,3781,378,5
37820,3782,378,2
37830,3783,378,4
37831,3783,378,1
37832,3783,378,1
37840,3784,378,7
37841,3784,378,3
37842,3784,378,8
37850,3785,378,2
37851,3785,378,108
37852,3785,378,30
37853,3785,378,28
37854,3785,378,179
37855,3785,378,15
37856,3785,378,2
37871,3787,378,2
37873,3787,378,1
37881,3788,378,13
37882,3788,378,1
37884,3788,378,3
37886,3788,378,11
37887,3788,378,31
3789,3789,378,46
37900,3790,379,26
37901,3790,379,1
37909,3790,379,11
37911,3791,379,1
37919,3791,379,3
37921,3792,379,49
37922,3792,379,3
37923,3792,379,62
37924,3792,379,46
37925,3792,379,1
37927,3792,379,1
37929,3792,379,5
37931,3793,379,2
37932,3793,379,1
37941,3794,379,178
37942,3794,379,10
37943,3794,379,43
37946,3794,379,5
37950,3795,379,147
37951,3795,379,16
37952,3795,379,1
37954,3795,379,3
37955,3795,379,1
37956,3795,379,52
37959,3795,379,3
3798,3798,379,27
37990,3799,379,23
37991,3799,379,114
37992,3799,379,44
37993,3799,379,54
37999,3799,379,28
38000,3800,380,1
38003,3800,380,1
38010,3801,380,163
38013,3801,380,1
38014,3801,380,9
38016,3801,380,1
38021,3802,380,2
38022,3802,380,8
38023,3802,380,12
38031,3803,380,1
38032,3803,380,2
38039,3803,380,1
3804,3804,380,100
38089,3808,380,2
3809,3809,380,1
38100,3810,381,3
38101,3810,381,1
38103,3810,381,1
38110,3811,381,3
3813,3813,381,2
3814,3814,381,17
38160,3816,381,2
38181,3818,381,18
38200,3820,382,5
38201,3820,382,4
3823,3823,382,3
3824,3824,382,4
3829,3829,382,184
38300,3830,383,12
3831,3831,383,7
38320,3832,383,2
3839,3839,383,23
38401,3840,384,2
38420,3842,384,13
38530,3853,385,3
38531,3853,385,2
38533,3853,385,1
38583,3858,385,1
38589,3858,385,41
3859,3859,385,1
38600,3860,386,220
38604,3860,386,3
38610,3861,386,103
38611,3861,386,609
38612,3861,386,237
38619,3861,386,53
3862,3862,386,7
38630,3863,386,39
38635,3863,386,4
38650,3865,386,11
38658,3865,386,6
3868,3868,386,4
3869,3869,386,5
3870,3870,387,1
3872,3872,387,1
3879,3879,387,16
38801,3880,388,7
38812,3881,388,2
3882,3882,388,1
38830,3883,388,190
38831,3883,388,2
38832,3883,388,4
38840,3884,388,3
38842,3884,388,4
3885,3885,388,19
38860,3886,388,3
38861,3886,388,15
38869,3886,388,22
38870,3887,388,115
38871,3887,388,5
38872,3887,388,2
3888,3888,388,17
3889,3889,388,2
38900,3890,389,26
38903,3890,389,4
38904,3890,389,1
38905,3890,389,9
38906,3890,389,3
38910,3891,389,209
38911,3891,389,8
38912,3891,389,3
38913,3891,389,5
38914,3891,389,3
38915,3891,389,23
38916,3891,389,3
38917,3891,389,16
38918,3891,389,42
38920,3892,389,16
38921,3892,389,2
38922,3892,389,8
3897,3897,389,66
3898,3898,389,112
3899,3899,389,2137
390,390,390,16
3910,3910,391,1
3911,3911,391,8
3918,3918,391,5
3919,3919,391,1
393,393,393,3
3940,3940,394,131
3941,3941,394,82
3942,3942,394,83
3949,3949,394,12
3950,3950,395,37
3951,3951,395,23
3952,3952,395,11
3959,3959,395,1
3960,3960,396,83
3961,3961,396,37
3962,3962,396,663
3963,3963,396,593
3968,3968,396,204
3969,3969,396,11
3970,3970,397,1954
3971,3971,397,2
3979,3979,397,2
3980,3980,398,1
39890,3989,398,192
39891,3989,398,157
39899,3989,398,1
4010,4010,401,399
4011,4011,401,3674
4019,4019,401,104080
40200,4020,402,3
40201,4020,402,18
40210,4021,402,4
40211,4021,402,13
40290,4029,402,123
40291,4029,402,258
40300,4030,403,216
40301,4030,403,253
40310,4031,403,1117
40311,4031,403,306
40390,4039,403,24032
40391,4039,403,8466
40400,4040,404,4
40401,4040,404,19
40403,4040,404,4
40410,4041,404,4
40411,4041,404,14
40413,4041,404,3
40490,4049,404,37
40491,4049,404,370
40492,4049,404,19
40493,4049,404,108
40501,4050,405,10
40509,4050,405,1
40511,4051,405,5
40519,4051,405,3
40591,4059,405,87
40599,4059,405,42
41001,4100,410,114
41002,4100,410,10
41010,4101,410,3
41011,4101,410,350
41012,4101,410,52
41021,4102,410,106
41022,4102,410,12
41031,4103,410,93
41032,4103,410,3
41040,4104,410,3
41041,4104,410,428
41042,4104,410,55
41051,4105,410,43
41052,4105,410,1
41061,4106,410,31
41062,4106,410,2
41070,4107,410,6
41071,4107,410,4300
41072,4107,410,763
41081,4108,410,36
41082,4108,410,16
41090,4109,410,3
41091,4109,410,264
41092,4109,410,151
4110,4110,411,39
4111,4111,411,2733
41181,4118,411,20
41189,4118,411,1258
412,412,412,15355
4130,4130,413,2
4131,4131,413,159
4139,4139,413,2922
41400,4140,414,12258
41401,4140,414,36404
41402,4140,414,1222
41404,4140,414,96
41405,4140,414,74
41407,4140,414,1
41410,4141,414,108
41411,4141,414,22
41412,4141,414,172
41419,4141,414,9
4142,4142,414,1245
4143,4143,414,3
4144,4144,414,59
4148,4148,414,2868
4149,4149,414,129
4150,4150,415,12
41511,4151,415,308
41512,4151,415,117
41513,4151,415,80
41519,4151,415,2417
4160,4160,416,389
4161,4161,416,1
4162,4162,416,375
4168,4168,416,7651
4169,4169,416,150
4170,4170,417,10
4171,4171,417,4
4178,4178,417,43
4179,4179,417,3
4200,4200,420,21
42090,4209,420,196
42091,4209,420,152
42099,4209,420,48
4210,4210,421,671
4219,4219,421,22
4220,4220,422,13
42290,4229,422,21
42291,4229,422,42
42292,4229,422,2
42293,4229,422,8
42299,4229,422,6
4230,4230,423,66
4231,4231,423,32
4232,4232,423,79
4233,4233,423,372
4238,4238,423,191
4239,4239,423,1117
4240,4240,424,6478
4241,4241,424,6517
4242,4242,424,431
4243,4243,424,30
42490,4249,424,87
42491,4249,424,5
4250,4250,425,1
4251,4251,425,245
42511,4251,425,180
42518,4251,425,217
4252,4252,425,1
4253,4253,425,22
4254,4254,425,5512
4255,4255,425,191
4257,4257,425,133
4258,4258,425,206
4259,4259,425,226
4260,4260,426,957
42610,4261,426,111
42611,4261,426,570
42612,4261,426,173
42613,4261,426,494
4262,4262,426,57
4263,4263,426,1424
4264,4264,426,1030
42650,4265,426,14
42651,4265,426,13
42652,4265,426,181
42653,4265,426,80
42654,4265,426,11
4266,4266,426,56
4267,4267,426,136
42681,4268,426,1
42682,4268,426,207
42689,4268,426,54
4269,4269,426,63
4270,4270,427,529
4271,4271,427,2929
4272,4272,427,53
42731,4273,427,37337
42732,4273,427,3929
42741,4274,427,530
42742,4274,427,6
4275,4275,427,1333
42760,4276,427,18
42761,4276,427,161
42769,4276,427,415
42781,4278,427,1408
42789,4278,427,9382
4279,4279,427,176
4280,4280,428,36891
4281,4281,428,42
42820,4282,428,749
42821,4282,428,1178
42822,4282,428,7031
42823,4282,428,4508
42830,4283,428,1408
42831,4283,428,1197
42832,4283,428,8398
42833,4283,428,5533
42840,4284,428,120
42841,4284,428,157
42842,4284,428,957
42843,4284,428,1232
4289,4289,428,125
4290,4290,429,52
4291,4291,429,5
4292,4292,429,17
4293,4293,429,349
4294,4294,429,44
4295,4295,429,123
4296,4296,429,5
42971,4297,429,40
42979,4297,429,23
42981,4298,429,2
42982,4298,429,1
42983,4298,429,281
42989,4298,429,342
4299,4299,429,524
430,430,430,743
431,431,431,1898
4320,4320,432,19
4321,4321,432,726
4329,4329,432,142
43300,4330,433,54
43301,4330,433,49
43310,4331,433,2979
43311,4331,433,320
43320,4332,433,170
43321,4332,433,73
43330,4333,433,915
43331,4333,433,96
43380,4338,433,21
43381,4338,433,16
43390,4339,433,4
43391,4339,433,2
43400,4340,434,16
43401,4340,434,114
43410,4341,434,26
43411,4341,434,1606
43490,4349,434,71
43491,4349,434,1902
4350,4350,435,5
4351,4351,435,24
4352,4352,435,56
4353,4353,435,11
4358,4358,435,84
4359,4359,435,756
436,436,436,4
4370,4370,437,1236
4371,4371,437,68
4372,4372,437,86
4373,4373,437,961
4374,4374,437,23
4375,4375,437,31
4376,4376,437,16
4377,4377,437,99
4378,4378,437,128
4379,4379,437,363
4380,4380,438,142
43810,4381,438,86
43811,4381,438,894
43812,4381,438,55
43813,4381,438,287
43814,4381,438,6
43819,4381,438,157
43820,4382,438,1402
43821,4382,438,125
43822,4382,438,138
43830,4383,438,10
43831,4383,438,4
43832,4383,438,2
43840,4384,438,3
43842,4384,438,1
43850,4385,438,45
43852,4385,438,4
43853,4385,438,52
4386,4386,438,102
4387,4387,438,285
43881,4388,438,10
43882,4388,438,252
43883,4388,438,468
43884,4388,438,78
43885,4388,438,18
43889,4388,438,2904
4389,4389,438,145
4400,4400,440,593
4401,4401,440,649
44020,4402,440,1597
44021,4402,440,1562
44022,4402,440,495
44023,4402,440,1384
44024,4402,440,1177
44029,4402,440,149
44030,4403,440,74
44031,4403,440,340
44032,4403,440,45
4404,4404,440,854
4408,4408,440,347
4409,4409,440,42
44100,4410,441,54
44101,4410,441,230
44102,4410,441,115
44103,4410,441,91
4411,4411,441,23
4412,4412,441,698
4413,4413,441,76
4414,4414,441,2134
4416,4416,441,13
4417,4417,441,96
4419,4419,441,57
4420,4420,442,45
4421,4421,442,51
4422,4422,442,217
4423,4423,442,354
44281,4428,442,48
44282,4428,442,10
44283,4428,442,55
44284,4428,442,86
44289,4428,442,59
4429,4429,442,5
4430,4430,443,1007
4431,4431,443,16
44321,4432,443,131
44322,4432,443,69
44323,4432,443,15
44324,4432,443,133
44329,4432,443,126
44381,4438,443,551
44382,4438,443,7
44389,4438,443,98
4439,4439,443,7114
4440,4440,444,48
44409,4440,444,61
4441,4441,444,63
44421,4442,444,177
44422,4442,444,596
44481,4448,444,153
44489,4448,444,217
4449,4449,444,6
44501,4450,445,3
44502,4450,445,28
44581,4458,445,6
44589,4458,445,8
4460,4460,446,83
4461,4461,446,3
44620,4462,446,12
44621,4462,446,15
44629,4462,446,124
4464,4464,446,256
4465,4465,446,395
4466,4466,446,78
4467,4467,446,31
4470,4470,447,120
4471,4471,447,318
4472,4472,447,22
4473,4473,447,14
4474,4474,447,130
4475,4475,447,3
4476,4476,447,234
44770,4477,447,63
44771,4477,447,54
44772,4477,447,24
44773,4477,447,10
4478,4478,447,83
4479,4479,447,87
4480,4480,448,46
4481,4481,448,11
4489,4489,448,33
449,449,449,105
4510,4510,451,73
45111,4511,451,8
45119,4511,451,34
4512,4512,451,21
45181,4518,451,1
45182,4518,451,568
45183,4518,451,15
45184,4518,451,191
45189,4518,451,69
4519,4519,451,32
452,452,452,966
4530,4530,453,61
4531,4531,453,10
4532,4532,453,145
4533,4533,453,30
45340,4534,453,364
45341,4534,453,1374
45342,4534,453,676
45350,4535,453,104
45351,4535,453,201
45352,4535,453,89
4536,4536,453,164
45371,4537,453,15
45372,4537,453,38
45373,4537,453,19
45374,4537,453,8
45375,4537,453,37
45376,4537,453,58
45377,4537,453,34
45379,4537,453,37
4538,4538,453,378
45381,4538,453,473
45382,4538,453,405
45383,4538,453,76
45384,4538,453,187
45385,4538,453,225
45386,4538,453,184
45387,4538,453,62
45389,4538,453,106
4539,4539,453,72
4540,4540,454,23
4541,4541,454,18
4542,4542,454,5
4548,4548,454,33
4549,4549,454,250
4550,4550,455,1152
4551,4551,455,25
4552,4552,455,524
4553,4553,455,409
4554,4554,455,48
4555,4555,455,238
4556,4556,455,671
4557,4557,455,9
4558,4558,455,301
4559,4559,455,23
4560,4560,456,45
4561,4561,456,553
45620,4562,456,376
45621,4562,456,2307
4564,4564,456,17
4565,4565,456,6
4566,4566,456,1
4568,4568,456,474
4570,4570,457,83
4571,4571,457,680
4572,4572,457,28
4578,4578,457,148
4579,4579,457,1
4580,4580,458,3488
4581,4581,458,39
45821,4582,458,268
45829,4582,458,4388
4588,4588,458,740
4589,4589,458,5632
4590,4590,459,152
45910,4591,459,12
45911,4591,459,3
45912,4591,459,1
45913,4591,459,2
45919,4591,459,1
4592,4592,459,512
45930,4593,459,4
45931,4593,459,1
45939,4593,459,2
45981,4598,459,3849
45989,4598,459,215
4599,4599,459,95
460,460,460,20
4610,4610,461,52
4611,4611,461,12
4612,4612,461,18
4613,4613,461,12
4618,4618,461,22
4619,4619,461,186
462,462,462,647
463,463,463,106
46400,4640,464,52
46410,4641,464,52
46411,4641,464,11
46421,4642,464,1
46430,4643,464,23
46431,4643,464,4
46450,4645,464,19
46451,4645,464,2
4650,4650,465,1
4658,4658,465,21
4659,4659,465,1588
4660,4660,466,599
46611,4661,466,11
46619,4661,466,55
470,470,470,55
4710,4710,471,8
4711,4711,471,1
4718,4718,471,12
4719,4719,471,29
4720,4720,472,112
4721,4721,472,2
4722,4722,472,1
4730,4730,473,104
4731,4731,473,24
4732,4732,473,28
4733,4733,473,18
4738,4738,473,44
4739,4739,473,807
47400,4740,474,11
47401,4740,474,1
47402,4740,474,4
47410,4741,474,4
47411,4741,474,15
47412,4741,474,3
4748,4748,474,8
4749,4749,474,4
475,475,475,253
4760,4760,476,5
4770,4770,477,87
4772,4772,477,4
4778,4778,477,93
4779,4779,477,868
4780,4780,478,9
47811,4781,478,2
47819,4781,478,351
47820,4782,478,15
47821,4782,478,5
47822,4782,478,18
47824,4782,478,49
47825,4782,478,45
47826,4782,478,4
47829,4782,478,93
47830,4783,478,75
47831,4783,478,177
47832,4783,478,26
47833,4783,478,34
47834,4783,478,3
4784,4784,478,22
4785,4785,478,175
4786,4786,478,223
47870,4787,478,3
47871,4787,478,1
47874,4787,478,110
47875,4787,478,44
47879,4787,478,45
4788,4788,478,2
4789,4789,478,6
4800,4800,480,2
4801,4801,480,51
4802,4802,480,30
4808,4808,480,10
4809,4809,480,90
481,481,481,188
4820,4820,482,168
4821,4821,482,368
4822,4822,482,103
48230,4823,482,21
48231,4823,482,3
48232,4823,482,7
48239,4823,482,28
48240,4824,482,18
48241,4824,482,341
48242,4824,482,346
48249,4824,482,17
48281,4828,482,9
48282,4828,482,91
48283,4828,482,221
48284,4828,482,67
48289,4828,482,8
4829,4829,482,1093
4830,4830,483,18
4838,4838,483,21
4841,4841,484,21
4843,4843,484,1
4846,4846,484,124
4847,4847,484,76
4848,4848,484,12
485,485,485,52
486,486,486,11261
4870,4870,487,223
4871,4871,487,607
4878,4878,487,24
488,488,488,1
4880,4880,488,3
48801,4880,488,12
48802,4880,488,16
48809,4880,488,2
4881,4881,488,27
48811,4881,488,1
48881,4888,488,26
48882,4888,488,36
48889,4888,488,14
490,490,490,377
4910,4910,491,8
4911,4911,491,1
49120,4912,491,220
49121,4912,491,2843
49122,4912,491,246
4918,4918,491,34
4919,4919,491,163
4920,4920,492,127
4928,4928,492,2024
49300,4930,493,380
49301,4930,493,4
49302,4930,493,74
49310,4931,493,4
49312,4931,493,4
49320,4932,493,3638
49321,4932,493,10
49322,4932,493,1238
49381,4938,493,142
49382,4938,493,20
49390,4939,493,20109
49391,4939,493,35
49392,4939,493,1495
4940,4940,494,865
4941,4941,494,184
4952,4952,495,2
4957,4957,495,1
4958,4958,495,7
4959,4959,495,38
496,496,496,14672
500,500,500,4
501,501,501,278
502,502,502,6
5060,5060,506,20
5069,5069,506,1
5070,5070,507,4390
5071,5071,507,2
5078,5078,507,19
5080,5080,508,49
5081,5081,508,51
5082,5082,508,9
5088,5088,508,10
5100,5100,510,81
5109,5109,510,342
5110,5110,511,193
5111,5111,511,44
5118,5118,511,47
51181,5118,511,911
51189,5118,511,941
5119,5119,511,5308
5120,5120,512,37
5121,5121,512,879
5122,5122,512,52
5128,5128,512,189
51281,5128,512,15
51282,5128,512,8
51283,5128,512,7
51284,5128,512,44
51289,5128,512,289
5130,5130,513,219
5131,5131,513,16
514,514,514,765
515,515,515,1807
5160,5160,516,16
5161,5161,516,15
5162,5162,516,2
5163,5163,516,27
51631,5163,516,105
51632,5163,516,1
51633,5163,516,14
51634,5163,516,5
51635,5163,516,1
51636,5163,516,41
51637,5163,516,2
5164,5164,516,9
5165,5165,516,9
5168,5168,516,205
5172,5172,517,60
5173,5173,517,40
5178,5178,517,470
5180,5180,518,4289
5181,5181,518,138
5183,5183,518,106
5184,5184,518,824
5185,5185,518,717
51851,5185,518,594
51852,5185,518,294
51853,5185,518,15
5186,5186,518,14
5187,5187,518,24
51881,5188,518,7163
51882,5188,518,491
51883,5188,518,372
51884,5188,518,616
51889,5188,518,2954
51901,5190,519,20
51902,5190,519,149
51909,5190,519,158
51911,5191,519,84
51919,5191,519,1470
5192,5192,519,52
5193,5193,519,20
5194,5194,519,113
5198,5198,519,91
5199,5199,519,33
5200,5200,520,3
5206,5206,520,53
5207,5207,520,3
5209,5209,520,1
52100,5210,521,301
52103,5210,521,1
52108,5210,521,1
52109,5210,521,60
52110,5211,521,2
52181,5218,521,43
52189,5218,521,1
5221,5221,522,1
5224,5224,522,157
5225,5225,522,229
5226,5226,522,3
5227,5227,522,3
5228,5228,522,1
5229,5229,522,1
52300,5230,523,3
52301,5230,523,1
52310,5231,523,29
52330,5233,523,13
52331,5233,523,14
52333,5233,523,4
52340,5234,523,55
52342,5234,523,4
5235,5235,523,1
5238,5238,523,57
5239,5239,523,35
52400,5240,524,11
52404,5240,524,3
52410,5241,524,2
52430,5243,524,3
52434,5243,524,2
5244,5244,524,16
52460,5246,524,99
52462,5246,524,20
52463,5246,524,1
52469,5246,524,25
52489,5248,524,8
5249,5249,524,3
52510,5251,525,33
52511,5251,525,8
52519,5251,525,2
52520,5252,525,1
5253,5253,525,9
52540,5254,525,13
52550,5255,525,20
52563,5256,525,3
52571,5257,525,2
52579,5257,525,2
5258,5258,525,63
5259,5259,525,167
5260,5260,526,3
5262,5262,526,5
5264,5264,526,29
5265,5265,526,2
52681,5268,526,5
52689,5268,526,16
5269,5269,526,46
5270,5270,527,1
5271,5271,527,6
5272,5272,527,192
5273,5273,527,14
5275,5275,527,33
5276,5276,527,18
5277,5277,527,96
5278,5278,527,10
5279,5279,527,15
52800,5280,528,297
52801,5280,528,399
52802,5280,528,7
52809,5280,528,138
5282,5282,528,93
5283,5283,528,104
5284,5284,528,4
5285,5285,528,69
5286,5286,528,13
52879,5287,528,2
5288,5288,528,2
5289,5289,528,318
5290,5290,529,46
5291,5291,529,4
5293,5293,529,4
5295,5295,529,1
5296,5296,529,12
5298,5298,529,49
5299,5299,529,8
5300,5300,530,274
53010,5301,530,897
53011,5301,530,159
53012,5301,530,65
53013,5301,530,77
53019,5301,530,831
53020,5302,530,278
53021,5302,530,89
5303,5303,530,793
5304,5304,530,43
5305,5305,530,540
5306,5306,530,134
5307,5307,530,431
53081,5308,530,49593
53082,5308,530,117
53084,5308,530,49
53085,5308,530,1970
53087,5308,530,7
53089,5308,530,194
5309,5309,530,46
53100,5310,531,39
53101,5310,531,2
53110,5311,531,13
53111,5311,531,1
53120,5312,531,1
53130,5313,531,15
53140,5314,531,447
53141,5314,531,10
53150,5315,531,49
53151,5315,531,3
53160,5316,531,5
53161,5316,531,1
53170,5317,531,42
53171,5317,531,4
53190,5319,531,719
53191,5319,531,11
53200,5320,532,49
53201,5320,532,1
53210,5321,532,11
53211,5321,532,1
53220,5322,532,4
53230,5323,532,11
53231,5323,532,1
53240,5324,532,400
53241,5324,532,13
53250,5325,532,61
53251,5325,532,4
53260,5326,532,11
53261,5326,532,3
53270,5327,532,25
53271,5327,532,2
53290,5329,532,465
53291,5329,532,10
53300,5330,533,3
53310,5331,533,1
53311,5331,533,1
53340,5334,533,28
53341,5334,533,1
53350,5335,533,2
53370,5337,533,54
53390,5339,533,912
53391,5339,533,1
53400,5340,534,8
53401,5340,534,1
53410,5341,534,5
53430,5343,534,2
53431,5343,534,1
53440,5344,534,90
53441,5344,534,1
53450,5345,534,14
53460,5346,534,1
53470,5347,534,19
53471,5347,534,2
53490,5349,534,176
53491,5349,534,5
53500,5350,535,62
53501,5350,535,29
53510,5351,535,314
53511,5351,535,19
53520,5352,535,7
53530,5353,535,192
53531,5353,535,46
53540,5354,535,557
53541,5354,535,159
53550,5355,535,2603
53551,5355,535,222
53560,5356,535,733
53561,5356,535,80
53570,5357,535,19
5360,5360,536,1
5361,5361,536,3
5362,5362,536,352
5363,5363,536,3110
53640,5364,536,9
53641,5364,536,66
53642,5364,536,208
53649,5364,536,129
5368,5368,536,624
5369,5369,536,23
5370,5370,537,310
5371,5371,537,16
5372,5372,537,1
5373,5373,537,212
5374,5374,537,96
5375,5375,537,2
53781,5378,537,4
53782,5378,537,283
53783,5378,537,347
53784,5378,537,71
53789,5378,537,1523
5379,5379,537,180
538,538,538,10
53901,5390,539,5
53909,5390,539,45
53981,5398,539,3
53989,5398,539,73
5400,5400,540,219
5401,5401,540,217
5409,5409,540,1246
541,541,541,107
542,542,542,74
5430,5430,543,1
5439,5439,543,97
55000,5500,550,5
55001,5500,550,3
55010,5501,550,141
55011,5501,550,60
55012,5501,550,12
55013,5501,550,3
55090,5509,550,612
55091,5509,550,38
55092,5509,550,157
55093,5509,550,15
55100,5510,551,5
5511,5511,551,3
55120,5512,551,3
55121,5512,551,9
5513,5513,551,2
5518,5518,551,12
5519,5519,551,1
55200,5520,552,30
55201,5520,552,3
55202,5520,552,1
5521,5521,552,204
55220,5522,552,91
55221,5522,552,377
55229,5522,552,73
5523,5523,552,95
5528,5528,552,129
5529,5529,552,10
55300,5530,553,13
55302,5530,553,2
55303,5530,553,1
5531,5531,553,930
55320,5532,553,468
55321,5532,553,1045
55329,5532,553,148
5533,5533,553,3474
5538,5538,553,83
5539,5539,553,53
5550,5550,555,486
5551,5551,555,264
5552,5552,555,370
5559,5559,555,2283
5560,5560,556,58
5561,5561,556,25
5562,5562,556,82
5563,5563,556,66
5564,5564,556,19
5565,5565,556,52
5566,5566,556,202
5568,5568,556,141
5569,5569,556,1794
5570,5570,557,698
5571,5571,557,416
5579,5579,557,505
5581,5581,558,93
5582,5582,558,15
5583,5583,558,60
55841,5584,558,13
55842,5584,558,3
5589,5589,558,2058
5600,5600,560,77
5601,5601,560,3038
5602,5602,560,192
56031,5603,560,10
56032,5603,560,96
56039,5603,560,141
56081,5608,560,750
56089,5608,560,1098
5609,5609,560,1835
56200,5620,562,187
56201,5620,562,16
56202,5620,562,13
56210,5621,562,4627
56211,5621,562,1805
56212,5621,562,572
56213,5621,562,70
56400,5640,564,9676
56401,5640,564,30
56402,5640,564,6
56409,5640,564,2933
5641,5641,564,2880
5642,5642,564,45
5643,5643,564,22
5644,5644,564,12
5645,5645,564,5
5646,5646,564,11
5647,5647,564,34
56481,5648,564,81
56489,5648,564,168
5649,5649,564,34
5650,5650,565,234
5651,5651,565,255
566,566,566,403
5670,5670,567,3
5671,5671,567,1
56721,5672,567,116
56722,5672,567,1044
56723,5672,567,557
56729,5672,567,258
56731,5673,567,188
56738,5673,567,76
56739,5673,567,1
56781,5678,567,40
56782,5678,567,84
56789,5678,567,91
5679,5679,567,211
5680,5680,568,1782
56881,5688,568,428
56882,5688,568,10
56889,5688,568,220
5689,5689,568,7
5690,5690,569,163
5691,5691,569,224
5692,5692,569,61
5693,5693,569,922
56941,5694,569,162
56942,5694,569,183
56943,5694,569,3
56944,5694,569,23
56949,5694,569,361
5695,5695,569,469
56960,5696,569,8
56961,5696,569,69
56962,5696,569,126
56969,5696,569,483
56971,5697,569,82
56979,5697,569,20
56981,5698,569,590
56982,5698,569,227
56983,5698,569,371
56984,5698,569,185
56985,5698,569,215
56986,5698,569,13
56987,5698,569,7
56989,5698,569,283
5699,5699,569,148
570,570,570,1356
5710,5710,571,182
5711,5711,571,1074
5712,5712,571,4344
5713,5713,571,90
57140,5714,571,19
57142,5714,571,435
57149,5714,571,33
5715,5715,571,6127
5716,5716,571,356
5718,5718,571,2914
5719,5719,571,48
5720,5720,572,388
5721,5721,572,11
5722,5722,572,1555
5723,5723,572,3701
5724,5724,572,612
5728,5728,572,572
5730,5730,573,208
5731,5731,573,39
5732,5732,573,1
5733,5733,573,503
5734,5734,573,34
5735,5735,573,70
5738,5738,573,840
5739,5739,573,289
57400,5740,574,872
57401,5740,574,89
57410,5741,574,1119
57411,5741,574,61
57420,5742,574,1729
57421,5742,574,61
57430,5743,574,56
57431,5743,574,74
57440,5744,574,67
57441,5744,574,65
57450,5745,574,680
57451,5745,574,842
57460,5746,574,52
57461,5746,574,80
57470,5747,574,85
57471,5747,574,90
57480,5748,574,51
57481,5748,574,69
57490,5749,574,184
57491,5749,574,182
5750,5750,575,483
57510,5751,575,114
57511,5751,575,303
57512,5751,575,119
5752,5752,575,13
5753,5753,575,87
5754,5754,575,82
5755,5755,575,25
5756,5756,575,61
5758,5758,575,302
5759,5759,575,14
5760,5760,576,8
5761,5761,576,2297
5762,5762,576,2647
5763,5763,576,9
5764,5764,576,49
5765,5765,576,4
5768,5768,576,1779
5769,5769,576,25
5770,5770,577,4233
5771,5771,577,3389
5772,5772,577,1097
5778,5778,577,873
5779,5779,577,455
5780,5780,578,962
5781,5781,578,1976
5789,5789,578,2446
5790,5790,579,942
5791,5791,579,14
5793,5793,579,399
5794,5794,579,1
5798,5798,579,72
5799,5799,579,187
5800,5800,580,7
5804,5804,580,8
58081,5808,580,15
58089,5808,580,218
5809,5809,580,59
5810,5810,581,2
5811,5811,581,37
5812,5812,581,6
5813,5813,581,9
58181,5818,581,83
58189,5818,581,10
5819,5819,581,123
5821,5821,582,137
5822,5822,582,8
5824,5824,582,5
58281,5828,582,185
58289,5828,582,59
5829,5829,582,81
5830,5830,583,6
5831,5831,583,48
5832,5832,583,25
5834,5834,583,8
5836,5836,583,1
58381,5838,583,3168
58389,5838,583,135
5839,5839,583,528
5845,5845,584,3362
5847,5847,584,5
5848,5848,584,122
5849,5849,584,29276
5851,5851,585,103
5852,5852,585,1163
5853,5853,585,7365
5854,5854,585,3003
5855,5855,585,736
5856,5856,585,9430
5859,5859,585,18040
586,586,586,81
587,587,587,160
5880,5880,588,195
5881,5881,588,58
58881,5888,588,1126
58889,5888,588,138
5889,5889,588,1
5890,5890,589,4
5891,5891,589,1
59000,5900,590,38
59001,5900,590,2
59010,5901,590,695
59011,5901,590,4
5902,5902,590,59
5903,5903,590,2
59080,5908,590,1028
59081,5908,590,1
5909,5909,590,11
591,591,591,2443
5920,5920,592,1882
5921,5921,592,913
5929,5929,592,8
5931,5931,593,5
5932,5932,593,494
5933,5933,593,218
5934,5934,593,458
5935,5935,593,101
59370,5937,593,35
59371,5937,593,5
59372,5937,593,3
59373,5937,593,17
59381,5938,593,228
59382,5938,593,4
59389,5938,593,188
5939,5939,593,1509
5940,5940,594,11
5941,5941,594,182
5942,5942,594,5
5948,5948,594,3
5949,5949,594,1
5950,5950,595,193
5951,5951,595,126
5952,5952,595,48
5954,5954,595,1
59581,5958,595,9
59582,5958,595,135
59589,5958,595,30
5959,5959,595,255
5960,5960,596,262
5961,5961,596,141
5962,5962,596,17
5963,5963,596,81
5964,5964,596,130
59651,5965,596,321
59652,5965,596,1
59654,5965,596,1450
59655,5965,596,11
59659,5965,596,67
5966,5966,596,16
5967,5967,596,55
5968,5968,596,150
59681,5968,596,16
59682,5968,596,7
59683,5968,596,4
59689,5968,596,287
5969,5969,596,53
5970,5970,597,12
59780,5978,597,15
59781,5978,597,2
59789,5978,597,10
59800,5980,598,1
5981,5981,598,3
5982,5982,598,6
5988,5988,598,69
5989,5989,598,158
5990,5990,599,20562
5991,5991,599,24
5992,5992,599,25
5993,5993,599,9
5994,5994,599,46
5995,5995,599,2
59960,5996,599,190
59969,5996,599,220
5997,5997,599,274
59970,5997,599,1559
59971,5997,599,1430
59972,5997,599,504
59981,5998,599,65
59982,5998,599,4
59984,5998,599,39
59989,5998,599,2
5999,5999,599,7
60000,6000,600,9883
60001,6000,600,2779
60010,6001,600,21
60011,6001,600,4
60020,6002,600,3
60021,6002,600,9
6003,6003,600,2
60090,6009,600,52
60091,6009,600,59
6010,6010,601,80
6011,6011,601,68
6012,6012,601,32
6013,6013,601,1
6018,6018,601,7
6019,6019,601,141
6020,6020,602,3
6021,6021,602,10
6023,6023,602,10
6028,6028,602,18
6029,6029,602,6
6031,6031,603,10
6038,6038,603,24
6039,6039,603,164
6040,6040,604,20
60490,6049,604,138
60499,6049,604,41
605,605,605,102
6060,6060,606,3
6068,6068,606,1
6069,6069,606,3
6071,6071,607,31
6072,6072,607,34
6073,6073,607,24
60781,6078,607,2
60782,6078,607,8
60783,6078,607,37
60784,6078,607,766
60785,6078,607,33
60789,6078,607,105
6079,6079,607,32
6080,6080,608,2
6081,6081,608,9
60820,6082,608,30
6083,6083,608,4
6084,6084,608,157
60882,6088,608,2
60883,6088,608,57
60884,6088,608,3
60886,6088,608,234
60889,6088,608,81
6089,6089,608,107
6100,6100,610,20
6101,6101,610,31
6102,6102,610,8
6103,6103,610,4
6104,6104,610,3
6108,6108,610,31
6110,6110,611,279
6111,6111,611,262
6113,6113,611,24
6115,6115,611,1
6116,6116,611,20
61171,6117,611,52
61172,6117,611,144
61179,6117,611,40
6118,6118,611,27
61181,6118,611,33
61182,6118,611,9
61183,6118,611,33
61189,6118,611,84
6119,6119,611,19
6120,6120,612,46
6121,6121,612,43
6140,6140,614,41
6141,6141,614,93
6142,6142,614,81
6143,6143,614,64
6144,6144,614,96
6145,6145,614,10
6146,6146,614,480
6148,6148,614,1
6149,6149,614,177
6150,6150,615,57
6151,6151,615,16
6159,6159,615,136
6160,6160,616,28
61610,6161,616,221
61611,6161,616,4
6162,6162,616,24
6163,6163,616,11
6164,6164,616,66
61650,6165,616,13
61681,6168,616,1
61689,6168,616,17
6169,6169,616,2
6170,6170,617,226
6171,6171,617,155
6172,6172,617,32
6173,6173,617,144
6174,6174,617,4
6175,6175,617,28
6176,6176,617,1
6178,6178,617,44
6179,6179,617,309
61800,6180,618,22
61801,6180,618,150
61802,6180,618,6
61803,6180,618,1
61804,6180,618,111
61805,6180,618,2
61809,6180,618,4
6181,6181,618,120
6182,6182,618,32
6183,6183,618,33
6184,6184,618,152
6185,6185,618,51
6186,6186,618,33
6187,6187,618,1
61881,6188,618,2
61882,6188,618,3
61883,6188,618,4
61884,6188,618,1
61889,6188,618,50
6189,6189,618,5
6190,6190,619,13
6191,6191,619,136
6192,6192,619,5
6198,6198,619,5
6200,6200,620,40
6201,6201,620,134
6202,6202,620,1019
6203,6203,620,4
6204,6204,620,1
6205,6205,620,100
6208,6208,620,255
6209,6209,620,53
6210,6210,621,119
6212,6212,621,19
62130,6213,621,13
62131,6213,621,1
62132,6213,621,1
62133,6213,621,3
62135,6213,621,57
6214,6214,621,18
6215,6215,621,10
6216,6216,621,29
6218,6218,621,49
6219,6219,621,8
6220,6220,622,4
62210,6221,622,41
62211,6221,622,9
62212,6221,622,3
6222,6222,622,1
6224,6224,622,18
6225,6225,622,3
6226,6226,622,2
6227,6227,622,27
6228,6228,622,10
6229,6229,622,3
6230,6230,623,4
6232,6232,623,6
6233,6233,623,2
6234,6234,623,2
6235,6235,623,52
6237,6237,623,3
6238,6238,623,336
6239,6239,623,17
62402,6240,624,4
62409,6240,624,1
6242,6242,624,1
6243,6243,624,3
6244,6244,624,2
6245,6245,624,3
6246,6246,624,2
6248,6248,624,27
6249,6249,624,8
6250,6250,625,31
6251,6251,625,2
6252,6252,625,1
6253,6253,625,203
6254,6254,625,19
6255,6255,625,5
6256,6256,625,522
62570,6257,625,9
62571,6257,625,1
62579,6257,625,1
6258,6258,625,74
6259,6259,625,381
6260,6260,626,89
6261,6261,626,14
6262,6262,626,909
6264,6264,626,47
6266,6266,626,30
6267,6267,626,3
6268,6268,626,130
6269,6269,626,32
6270,6270,627,74
6271,6271,627,212
6272,6272,627,27
6273,6273,627,70
6274,6274,627,8
6278,6278,627,9
6279,6279,627,52
6280,6280,628,7
6282,6282,628,6
6283,6283,628,4
6284,6284,628,1
6288,6288,628,6
6289,6289,628,98
62920,6292,629,5
62931,6293,629,6
62932,6293,629,1
62981,6298,629,14
62989,6298,629,39
6800,6800,680,2
6801,6801,680,1
6802,6802,680,19
6803,6803,680,6
6804,6804,680,4
6805,6805,680,10
6806,6806,680,15
6807,6807,680,2
6808,6808,680,3
6809,6809,680,13
68100,6810,681,383
68101,6810,681,50
68102,6810,681,76
68110,6811,681,569
68111,6811,681,48
6819,6819,681,2
6820,6820,682,523
6821,6821,682,196
6822,6822,682,1870
6823,6823,682,1389
6824,6824,682,700
6825,6825,682,234
6826,6826,682,4632
6827,6827,682,1754
6828,6828,682,123
6829,6829,682,50
683,683,683,44
684,684,684,47
6850,6850,685,25
6851,6851,685,262
68600,6860,686,3
68601,6860,686,68
68609,6860,686,2
6861,6861,686,30
6868,6868,686,40
6869,6869,686,182
69010,6901,690,150
69011,6901,690,2
69012,6901,690,7
69018,6901,690,17
6908,6908,690,6
6910,6910,691,164
6918,6918,691,111
6920,6920,692,9
6923,6923,692,46
6924,6924,692,51
6926,6926,692,28
69270,6927,692,1
69271,6927,692,10
69272,6927,692,6
69275,6927,692,5
69279,6927,692,2
69282,6928,692,44
69283,6928,692,1
69289,6928,692,14
6929,6929,692,1374
6930,6930,693,1872
6931,6931,693,17
6938,6938,693,1
6940,6940,694,6
6941,6941,694,5
6944,6944,694,24
6945,6945,694,118
69460,6946,694,4
69461,6946,694,1
6948,6948,694,7
6949,6949,694,2
6950,6950,695,8
6951,6951,695,4
69510,6951,695,11
69512,6951,695,5
69513,6951,695,19
69514,6951,695,6
69515,6951,695,7
69519,6951,695,5
6952,6952,695,62
6953,6953,695,290
6954,6954,695,139
69550,6955,695,12
69551,6955,695,2
69552,6955,695,1
69553,6955,695,3
69555,6955,695,1
69559,6955,695,1
69581,6958,695,2
69589,6958,695,238
6959,6959,695,344
6960,6960,696,572
6961,6961,696,1792
6962,6962,696,12
6963,6963,696,14
6964,6964,696,1
6965,6965,696,3
6970,6970,697,55
6979,6979,697,4
6980,6980,698,8
6981,6981,698,37
6982,6982,698,2
6983,6983,698,99
6984,6984,698,11
6988,6988,698,261
6989,6989,698,982
700,700,700,40
7010,7010,701,80
7011,7011,701,102
7012,7012,701,15
7013,7013,701,2
7014,7014,701,81
7015,7015,701,45
7018,7018,701,108
7019,7019,701,108
7020,7020,702,104
70211,7021,702,1
70219,7021,702,96
7028,7028,702,42
7030,7030,703,64
7038,7038,703,58
7039,7039,703,1
70400,7040,704,110
70401,7040,704,8
70402,7040,704,1
70409,7040,704,13
7041,7041,704,46
70441,7044,704,1
7048,7048,704,250
7050,7050,705,1
7051,7051,705,63
70521,7052,705,12
70581,7058,705,15
70582,7058,705,1
70583,7058,705,192
70589,7058,705,5
7061,7061,706,149
7062,7062,706,120
7063,7063,706,7
7068,7068,706,46
7069,7069,706,1
70700,7070,707,38
70701,7070,707,39
70702,7070,707,81
70703,7070,707,3111
70704,7070,707,215
70705,7070,707,796
70706,7070,707,123
70707,7070,707,720
70709,7070,707,454
70710,7071,707,256
70711,7071,707,98
70712,7071,707,541
70713,7071,707,541
70714,7071,707,1790
70715,7071,707,3256
70719,7071,707,873
70720,7072,707,532
70721,7072,707,536
70722,7072,707,1690
70723,7072,707,567
70724,7072,707,578
70725,7072,707,521
7078,7078,707,522
7079,7079,707,31
7080,7080,708,271
7081,7081,708,11
7082,7082,708,2
7083,7083,708,7
7088,7088,708,57
7089,7089,708,117
70900,7090,709,21
70901,7090,709,98
70909,7090,709,92
7091,7091,709,4
7092,7092,709,221
7093,7093,709,94
7094,7094,709,5
7098,7098,709,399
7099,7099,709,205
7100,7100,710,1694
7101,7101,710,400
7102,7102,710,622
7103,7103,710,87
7104,7104,710,128
7108,7108,710,68
7109,7109,710,98
71100,7110,711,1
71101,7110,711,107
71102,7110,711,28
71103,7110,711,46
71104,7110,711,35
71105,7110,711,145
71106,7110,711,343
71107,7110,711,71
71108,7110,711,14
71109,7110,711,10
71110,7111,711,10
71113,7111,711,1
71116,7111,711,2
71117,7111,711,1
71118,7111,711,1
71119,7111,711,2
71120,7112,711,2
71124,7112,711,1
71125,7112,711,1
71126,7112,711,2
71129,7112,711,2
71136,7113,711,1
71140,7114,711,1
71150,7115,711,1
71159,7115,711,1
71167,7116,711,1
71180,7118,711,7
71183,7118,711,1
71186,7118,711,6
71187,7118,711,1
71188,7118,711,2
71189,7118,711,3
71191,7119,711,1
71192,7119,711,1
71193,7119,711,1
71194,7119,711,2
71195,7119,711,5
71196,7119,711,7
71197,7119,711,3
71198,7119,711,1
71213,7121,712,2
71214,7121,712,1
71216,7121,712,5
71218,7121,712,1
71219,7121,712,1
71220,7122,712,23
71221,7122,712,3
71222,7122,712,5
71223,7122,712,19
71224,7122,712,3
71225,7122,712,2
71226,7122,712,31
71227,7122,712,4
71228,7122,712,4
71229,7122,712,11
71230,7123,712,144
71231,7123,712,5
71233,7123,712,25
71234,7123,712,5
71235,7123,712,8
71236,7123,712,69
71237,7123,712,15
71238,7123,712,2
71239,7123,712,21
71287,7128,712,1
71290,7129,712,2
71294,7129,712,2
71296,7129,712,1
71299,7129,712,1
7130,7130,713,1
7131,7131,713,52
7132,7132,713,1
7133,7133,713,3
7135,7135,713,664
7137,7137,713,1
7138,7138,713,22
7140,7140,714,3930
7141,7141,714,3
7142,7142,714,32
71430,7143,714,118
71431,7143,714,1
71433,7143,714,3
7144,7144,714,3
71481,7148,714,25
71489,7148,714,63
7149,7149,714,111
71500,7150,715,31
71504,7150,715,7
71509,7150,715,51
71511,7151,715,10
71512,7151,715,1
71513,7151,715,1
71514,7151,715,6
71515,7151,715,33
71516,7151,715,61
71517,7151,715,2
71521,7152,715,1
71524,7152,715,1
71525,7152,715,15
71526,7152,715,8
71527,7152,715,1
71530,7153,715,88
71531,7153,715,234
71532,7153,715,6
71533,7153,715,24
71534,7153,715,104
71535,7153,715,1043
71536,7153,715,2351
71537,7153,715,67
71538,7153,715,27
71580,7158,715,113
71589,7158,715,188
71590,7159,715,7805
71591,7159,715,209
71592,7159,715,11
71593,7159,715,28
71594,7159,715,101
71595,7159,715,636
71596,7159,715,1508
71597,7159,715,54
71598,7159,715,159
71610,7161,716,1
71611,7161,716,4
71612,7161,716,1
71613,7161,716,3
71615,7161,716,35
71616,7161,716,29
71617,7161,716,24
71620,7162,716,1
71635,7163,716,1
71636,7163,716,1
71645,7164,716,1
71650,7165,716,50
71651,7165,716,1
71652,7165,716,2
71653,7165,716,2
71654,7165,716,1
71657,7165,716,4
71658,7165,716,4
71659,7165,716,18
71660,7166,716,3
71661,7166,716,1
71663,7166,716,2
71665,7166,716,4
71666,7166,716,11
71667,7166,716,3
71680,7168,716,38
71681,7168,716,6
71682,7168,716,1
71683,7168,716,2
71685,7168,716,4
71687,7168,716,5
71688,7168,716,3
71689,7168,716,7
71690,7169,716,2524
71691,7169,716,111
71692,7169,716,11
71693,7169,716,22
71694,7169,716,86
71695,7169,716,100
71696,7169,716,317
71697,7169,716,69
71698,7169,716,54
71699,7169,716,96
7170,7170,717,1
7171,7171,717,1
7172,7172,717,10
7173,7173,717,18
71740,7174,717,14
71742,7174,717,3
71743,7174,717,6
71749,7174,717,5
7175,7175,717,13
7176,7176,717,23
7177,7177,717,45
71781,7178,717,3
71782,7178,717,2
71783,7178,717,14
71785,7178,717,3
71789,7178,717,6
7179,7179,717,19
71801,7180,718,7
71803,7180,718,2
71805,7180,718,2
71808,7180,718,2
71811,7181,718,20
71812,7181,718,1
71817,7181,718,10
71818,7181,718,1
71821,7182,718,2
71824,7182,718,1
71825,7182,718,1
71827,7182,718,8
71828,7182,718,2
71831,7183,718,38
71832,7183,718,3
71833,7183,718,1
71835,7183,718,15
71836,7183,718,29
71837,7183,718,14
71840,7184,718,7
71841,7184,718,10
71842,7184,718,16
71843,7184,718,11
71844,7184,718,34
71845,7184,718,6
71846,7184,718,32
71847,7184,718,29
71848,7184,718,8
71849,7184,718,21
71851,7185,718,4
71852,7185,718,5
71854,7185,718,1
71855,7185,718,27
71856,7185,718,80
71857,7185,718,2
71858,7185,718,2
71859,7185,718,1
71865,7186,718,15
71875,7187,718,1
71880,7188,718,2
71881,7188,718,9
71883,7188,718,6
71884,7188,718,3
71885,7188,718,7
71886,7188,718,21
71887,7188,718,18
71888,7188,718,12
71889,7188,718,1
71891,7189,718,21
71892,7189,718,6
71893,7189,718,3
71894,7189,718,2
71895,7189,718,21
71897,7189,718,24
71898,7189,718,2
71900,7190,719,1
71901,7190,719,9
71902,7190,719,21
71903,7190,719,18
71904,7190,719,6
71905,7190,719,35
71906,7190,719,278
71907,7190,719,44
71908,7190,719,3
71909,7190,719,4
71910,7191,719,2
71911,7191,719,10
71912,7191,719,6
71913,7191,719,4
71915,7191,719,1
71916,7191,719,64
71917,7191,719,8
71918,7191,719,2
71919,7191,719,4
71925,7192,719,1
71926,7192,719,5
71928,7192,719,1
71930,7193,719,18
71933,7193,719,1
71936,7193,719,1
71939,7193,719,1
71940,7194,719,113
71941,7194,719,1790
71942,7194,719,122
71943,7194,719,212
71944,7194,719,23
71945,7194,719,1428
71946,7194,719,1438
71947,7194,719,392
71948,7194,719,11
71949,7194,719,197
71950,7195,719,10
71951,7195,719,7
71952,7195,719,9
71953,7195,719,5
71954,7195,719,16
71955,7195,719,2
71956,7195,719,65
71957,7195,719,4
71958,7195,719,35
71959,7195,719,5
71960,7196,719,2
71961,7196,719,6
71963,7196,719,3
71965,7196,719,182
71966,7196,719,5
71967,7196,719,1
7197,7197,719,922
71981,7198,719,1
71983,7198,719,1
71984,7198,719,3
71985,7198,719,5
71986,7198,719,6
71987,7198,719,3
71989,7198,719,1
71990,7199,719,4
71994,7199,719,1
71995,7199,719,6
71996,7199,719,4
71997,7199,719,2
7200,7200,720,271
7201,7201,720,1
7202,7202,720,74
7209,7209,720,20
7210,7210,721,2155
7211,7211,721,765
7212,7212,721,130
7213,7213,721,2300
72141,7214,721,41
72142,7214,721,77
7215,7215,721,1
7216,7216,721,2
7217,7217,721,46
7218,7218,721,47
72190,7219,721,586
72191,7219,721,4
7220,7220,722,560
72210,7221,722,2397
72211,7221,722,77
7222,7222,722,142
72230,7223,722,2
72231,7223,722,1
72232,7223,722,3
7224,7224,722,455
72251,7225,722,27
72252,7225,722,1131
7226,7226,722,184
72270,7227,722,5
72271,7227,722,325
72272,7227,722,37
72273,7227,722,143
72280,7228,722,4
72281,7228,722,1
72282,7228,722,1
72283,7228,722,35
72290,7229,722,43
72291,7229,722,104
72292,7229,722,60
72293,7229,722,354
7230,7230,723,653
7231,7231,723,1674
7232,7232,723,4
7234,7234,723,324
7235,7235,723,71
7237,7237,723,5
7238,7238,723,90
7239,7239,723,1
72400,7240,724,1863
72401,7240,724,74
72402,7240,724,1945
72403,7240,724,424
72409,7240,724,22
7241,7241,724,78
7242,7242,724,5389
7243,7243,724,1076
7244,7244,724,670
7245,7245,724,5548
7246,7246,724,57
72479,7247,724,35
7248,7248,724,183
7249,7249,724,21
725,725,725,1646
7260,7260,726,141
72610,7261,726,314
72611,7261,726,17
72612,7261,726,65
72613,7261,726,2
72619,7261,726,15
7262,7262,726,77
72630,7263,726,1
72631,7263,726,4
72632,7263,726,6
72633,7263,726,175
7265,7265,726,203
72660,7266,726,43
72661,7266,726,2
72664,7266,726,4
72665,7266,726,61
72669,7266,726,4
72670,7267,726,11
72671,7267,726,31
72672,7267,726,15
72673,7267,726,18
72679,7267,726,17
7268,7268,726,1
72690,7269,726,29
72691,7269,726,75
72700,7270,727,90
72702,7270,727,3
72703,7270,727,36
72704,7270,727,26
72705,7270,727,195
72706,7270,727,37
72709,7270,727,82
7271,7271,727,38
7273,7273,727,30
72740,7274,727,151
72741,7274,727,13
72742,7274,727,5
72743,7274,727,7
72751,7275,727,123
72761,7276,727,35
72762,7276,727,9
72763,7276,727,3
72764,7276,727,4
72765,7276,727,4
72766,7276,727,2
72767,7276,727,8
72768,7276,727,4
72769,7276,727,1
72781,7278,727,36
72782,7278,727,15
72783,7278,727,14
72789,7278,727,49
7279,7279,727,20
7280,7280,728,63
72810,7281,728,6
72812,7281,728,2
72813,7281,728,12
72819,7281,728,1
7282,7282,728,52
7283,7283,728,18
7284,7284,728,13
7285,7285,728,2
7286,7286,728,50
72871,7287,728,116
72879,7287,728,5
72882,7288,728,1
72883,7288,728,3
72884,7288,728,93
72885,7288,728,404
72886,7288,728,102
72887,7288,728,893
72888,7288,728,1013
72889,7288,728,436
7289,7289,728,33
7290,7290,729,9
7291,7291,729,4419
7292,7292,729,158
72930,7293,729,11
72931,7293,729,6
72939,7293,729,118
7294,7294,729,18
7295,7295,729,3488
7296,7296,729,47
72971,7297,729,23
72972,7297,729,62
72973,7297,729,100
72979,7297,729,3
72981,7298,729,1113
72982,7298,729,218
72989,7298,729,2613
7299,7299,729,6
72990,7299,729,40
72991,7299,729,4
72992,7299,729,408
72999,7299,729,8
73000,7300,730,3
73001,7300,730,18
73002,7300,730,3
73003,7300,730,3
73004,7300,730,30
73005,7300,730,60
73006,7300,730,55
73007,7300,730,608
73008,7300,730,210
73009,7300,730,2
73010,7301,730,22
73011,7301,730,14
73012,7301,730,12
73013,7301,730,6
73014,7301,730,13
73015,7301,730,143
73016,7301,730,122
73017,7301,730,406
73018,7301,730,183
73019,7301,730,5
73020,7302,730,19
73021,7302,730,24
73022,7302,730,11
73023,7302,730,12
73024,7302,730,38
73025,7302,730,86
73026,7302,730,90
73027,7302,730,752
73028,7302,730,444
73029,7302,730,3
73033,7303,730,1
73088,7308,730,9
73093,7309,730,1
73096,7309,730,3
73097,7309,730,5
73098,7309,730,5
7310,7310,731,201
7311,7311,731,1
7312,7312,731,2
7313,7313,731,69
7318,7318,731,959
7320,7320,732,11
7321,7321,732,12
7322,7322,732,1
7323,7323,732,7
7324,7324,732,17
7325,7325,732,2
7328,7328,732,3
7329,7329,732,2
73300,7330,733,12068
73301,7330,733,10
73302,7330,733,7
73303,7330,733,3
73309,7330,733,228
73310,7331,733,7
73311,7331,733,68
73312,7331,733,5
73313,7331,733,1677
73314,7331,733,148
73315,7331,733,81
73316,7331,733,30
73319,7331,733,276
73320,7332,733,16
73321,7332,733,3
73322,7332,733,5
73329,7332,733,28
7333,7333,733,4
73340,7334,733,14
73341,7334,733,52
73342,7334,733,444
73343,7334,733,11
73344,7334,733,7
73345,7334,733,13
73349,7334,733,140
7335,7335,733,5
7336,7336,733,388
7337,7337,733,1
73381,7338,733,55
73382,7338,733,416
73390,7339,733,4473
73392,7339,733,9
73393,7339,733,6
73394,7339,733,9
73395,7339,733,10
73396,7339,733,19
73397,7339,733,8
73398,7339,733,2
73399,7339,733,167
734,734,734,49
7350,7350,735,38
7351,7351,735,1
7352,7352,735,4
7353,7353,735,1
7354,7354,735,76
7355,7355,735,5
7358,7358,735,12
7359,7359,735,4
73600,7360,736,5
73604,7360,736,1
73605,7360,736,15
73606,7360,736,2
73609,7360,736,5
7361,7361,736,5
73620,7362,736,2
73621,7362,736,2
73629,7362,736,9
73630,7363,736,3
73631,7363,736,1
73639,7363,736,16
73641,7364,736,5
73642,7364,736,2
7366,7366,736,30
73670,7367,736,15
73671,7367,736,32
73672,7367,736,21
73673,7367,736,1
73674,7367,736,1
73675,7367,736,5
73676,7367,736,4
73679,7367,736,835
73681,7368,736,32
73689,7368,736,47
73710,7371,737,339
73711,7371,737,3
73712,7371,737,13
73719,7371,737,46
73720,7372,737,10
73729,7372,737,5
73730,7373,737,1151
73732,7373,737,3
73733,7373,737,1
73734,7373,737,22
73739,7373,737,99
73740,7374,737,1
73741,7374,737,47
73742,7374,737,2
73743,7374,737,33
7378,7378,737,1
7379,7379,737,1
7380,7380,738,25
73810,7381,738,26
73819,7381,738,138
7382,7382,738,4
7383,7383,738,14
7384,7384,738,707
7385,7385,738,30
7386,7386,738,5
7387,7387,738,2
7388,7388,738,19
7395,7395,739,1
74100,7410,741,40
74101,7410,741,1
74103,7410,741,7
74190,7419,741,102
74193,7419,741,12
7420,7420,742,9
7421,7421,742,37
7422,7422,742,27
7423,7423,742,52
7424,7424,742,111
74253,7425,742,4
74259,7425,742,20
7428,7428,742,2
7429,7429,742,46
74310,7431,743,12
74312,7431,743,1
74320,7432,743,6
74330,7433,743,7
74331,7433,743,6
74335,7433,743,1
74336,7433,743,1
74337,7433,743,1
74339,7433,743,1
74341,7434,743,1
74343,7434,743,1
74345,7434,743,3
74346,7434,743,1
74347,7434,743,1
74349,7434,743,3
74353,7435,743,1
74361,7436,743,4
74362,7436,743,1
74363,7436,743,2
74365,7436,743,37
7439,7439,743,5
74401,7440,744,1
74402,7440,744,1
74405,7440,744,1
7441,7441,744,64
74423,7442,744,4
74429,7442,744,16
7443,7443,744,10
74441,7444,744,2
74442,7444,744,15
74446,7444,744,10
74447,7444,744,2
74484,7448,744,1
74489,7448,744,8
7449,7449,744,4
7450,7450,745,3
74510,7451,745,8
74511,7451,745,8
74512,7451,745,2
74519,7451,745,2
7452,7452,745,37
7453,7453,745,1
7454,7454,745,328
7455,7455,745,1696
74560,7456,745,4
74561,7456,745,6
74569,7456,745,12
7458,7458,745,5
7459,7459,745,3
74601,7460,746,9
74602,7460,746,31
74609,7460,746,2
7461,7461,746,7
7462,7462,746,19
7463,7463,746,24
7464,7464,746,532
7465,7465,746,2
7466,7466,746,13
7467,7467,746,7
74681,7468,746,20
74682,7468,746,1
74683,7468,746,8
74684,7468,746,11
74685,7468,746,70
74686,7468,746,6
74687,7468,746,15
74689,7468,746,123
7469,7469,746,55
7470,7470,747,565
74710,7471,747,30
74720,7472,747,7
74721,7472,747,14
74722,7472,747,9
74729,7472,747,15
7473,7473,747,93
74731,7473,747,69
74732,7473,747,11
74739,7473,747,11
74740,7474,747,13
74741,7474,747,2
74742,7474,747,7
74749,7474,747,17
7475,7475,747,10
74760,7476,747,3
74761,7476,747,43
74762,7476,747,12
74763,7476,747,27
74764,7476,747,15
74769,7476,747,46
74781,7478,747,270
74782,7478,747,19
74783,7478,747,109
74789,7478,747,6
7479,7479,747,1
7480,7480,748,8
7481,7481,748,9
7482,7482,748,6
7483,7483,748,88
7484,7484,748,8
7485,7485,748,29
74860,7486,748,22
74869,7486,748,12
7488,7488,748,6
7489,7489,748,3
74900,7490,749,10
74902,7490,749,5
74904,7490,749,1
74910,7491,749,6
74912,7491,749,8
74914,7491,749,2
74920,7492,749,4
74921,7492,749,2
74922,7492,749,10
74923,7492,749,1
74924,7492,749,3
7500,7500,750,136
75010,7501,750,2
75015,7501,750,2
75016,7501,750,1
75019,7501,750,2
75022,7502,750,1
75026,7502,750,4
75027,7502,750,1
75029,7502,750,2
7503,7503,750,124
7504,7504,750,24
7505,7505,750,10
7506,7506,750,3
7507,7507,750,4
7508,7508,750,2
7509,7509,750,15
7510,7510,751,43
7511,7511,751,17
7512,7512,751,12
7513,7513,751,29
7514,7514,751,39
7515,7515,751,122
75160,7516,751,9
75161,7516,751,2
75162,7516,751,70
75169,7516,751,127
7517,7517,751,181
7518,7518,751,2
7519,7519,751,1
7520,7520,752,12
75211,7521,752,4
75219,7521,752,2
7522,7522,752,10
7523,7523,752,4
75231,7523,752,2
75233,7523,752,8
75234,7523,752,14
75235,7523,752,3
75236,7523,752,7
75239,7523,752,3
75240,7524,752,1
75241,7524,752,1
75242,7524,752,6
75246,7524,752,1
75247,7524,752,1
75249,7524,752,16
75251,7525,752,263
75261,7526,752,188
75262,7526,752,17
75263,7526,752,66
75264,7526,752,3
75265,7526,752,4
75269,7526,752,26
7527,7527,752,4
75281,7528,752,1
75289,7528,752,17
7529,7529,752,1
7530,7530,753,290
75310,7531,753,221
75311,7531,753,25
75312,7531,753,391
75313,7531,753,77
75314,7531,753,18
75315,7531,753,20
75316,7531,753,1
75317,7531,753,56
75319,7531,753,92
75320,7532,753,1
75321,7532,753,10
75322,7532,753,24
75323,7532,753,6
75329,7532,753,446
7533,7533,753,180
7534,7534,753,27
7535,7535,753,5
7536,7536,753,8
7537,7537,753,14
7538,7538,753,14
7539,7539,753,31
7540,7540,754,43
7541,7541,754,12
7542,7542,754,20
75430,7543,754,32
75431,7543,754,23
75432,7543,754,10
75433,7543,754,2
75435,7543,754,3
75440,7544,754,4
75441,7544,754,1
75450,7545,754,4
75451,7545,754,16
75453,7545,754,6
75459,7545,754,6
75460,7546,754,3
75461,7546,754,4
75462,7546,754,4
75469,7546,754,1
75470,7547,754,39
75471,7547,754,9
75479,7547,754,7
75481,7548,754,21
75482,7548,754,3
75489,7548,754,18
75500,7550,755,4
75501,7550,755,85
75502,7550,755,17
75510,7551,755,4
75511,7551,755,11
75513,7551,755,33
75514,7551,755,1
75520,7552,755,6
75521,7552,755,5
75522,7552,755,10
75525,7552,755,2
75529,7552,755,8
75530,7553,755,13
75531,7553,755,4
75534,7553,755,2
75539,7553,755,4
7554,7554,755,1
75550,7555,755,21
75551,7555,755,1
75553,7555,755,2
75555,7555,755,2
75557,7555,755,2
75558,7555,755,1
75559,7555,755,18
75560,7556,755,6
75563,7556,755,118
75564,7556,755,5
75565,7556,755,1
75566,7556,755,7
75567,7556,755,19
75569,7556,755,7
7558,7558,755,6
7559,7559,755,1
7560,7560,756,53
75610,7561,756,13
75611,7561,756,31
75612,7561,756,312
75613,7561,756,1
75614,7561,756,8
75615,7561,756,14
75616,7561,756,12
75617,7561,756,54
75619,7561,756,50
7562,7562,756,1
7563,7563,756,12
7564,7564,756,18
75650,7565,756,2
75651,7565,756,22
75654,7565,756,1
75656,7565,756,1
75659,7565,756,7
7566,7566,756,29
75671,7567,756,11
75672,7567,756,14
75673,7567,756,19
75679,7567,756,9
75681,7568,756,4
75683,7568,756,140
75689,7568,756,15
7569,7569,756,13
7570,7570,757,20
7571,7571,757,7
7572,7572,757,1
75731,7573,757,5
75732,7573,757,173
75733,7573,757,1064
75739,7573,757,352
7574,7574,757,5
7575,7575,757,2
7576,7576,757,22
7578,7578,757,3
7579,7579,757,2
7580,7580,758,206
7581,7581,758,5
7582,7582,758,8
75833,7583,758,3
75839,7583,758,12
7584,7584,758,2
7585,7585,758,34
7586,7586,758,28
7587,7587,758,50
75881,7588,758,7
7589,7589,758,8
7590,7590,759,34
7591,7591,759,7
7592,7592,759,27
7593,7593,759,24
7595,7595,759,73
7596,7596,759,58
7597,7597,759,2
75981,7598,759,26
75982,7598,759,87
75983,7598,759,9
75989,7598,759,155
7599,7599,759,3
7600,7600,760,77
7601,7601,760,2
7602,7602,760,69
7603,7603,760,9
7605,7605,760,1
76062,7606,760,2
76063,7606,760,2
76071,7607,760,7
76072,7607,760,38
76073,7607,760,1
76075,7607,760,10
76076,7607,760,18
76077,7607,760,4
76078,7607,760,3
76079,7607,760,32
7608,7608,760,115
7609,7609,760,1
7610,7610,761,11
7611,7611,761,122
7612,7612,761,27
7613,7613,761,14
7615,7615,761,27
7617,7617,761,394
7618,7618,761,133
7619,7619,761,2
7620,7620,762,9
7621,7621,762,17
7622,7622,762,21
7623,7623,762,47
7624,7624,762,6
7625,7625,762,74
7626,7626,762,72
7627,7627,762,55
7628,7628,762,2
7630,7630,763,59
7631,7631,763,47
7632,7632,763,8
7633,7633,763,27
7634,7634,763,8
7635,7635,763,10
7636,7636,763,9
7637,7637,763,6
76381,7638,763,7
76382,7638,763,27
76383,7638,763,7
76384,7638,763,43
76389,7638,763,19
76401,7640,764,2
76402,7640,764,7
76403,7640,764,5
76404,7640,764,14
76405,7640,764,29
76406,7640,764,37
76407,7640,764,63
76408,7640,764,381
76409,7640,764,314
76415,7641,764,3
76416,7641,764,1
76417,7641,764,1
76491,7649,764,12
76492,7649,764,26
76493,7649,764,23
76494,7649,764,24
76495,7649,764,43
76496,7649,764,48
76497,7649,764,65
76498,7649,764,93
76499,7649,764,40
76500,7650,765,1
76501,7650,765,50
76502,7650,765,137
76503,7650,765,128
76504,7650,765,4
76505,7650,765,1
76506,7650,765,1
76507,7650,765,2
76508,7650,765,1
76510,7651,765,1
76511,7651,765,8
76512,7651,765,31
76513,7651,765,53
76514,7651,765,224
76515,7651,765,303
76516,7651,765,411
76517,7651,765,550
76518,7651,765,1481
76519,7651,765,1730
76520,7652,765,25
76521,7652,765,70
76522,7652,765,74
76523,7652,765,134
76524,7652,765,221
76525,7652,765,336
76526,7652,765,623
76527,7652,765,1255
76528,7652,765,2321
76529,7652,765,719
7660,7660,766,85
7661,7661,766,1706
76621,7662,766,305
76622,7662,766,1
7670,7670,767,19
76711,7671,767,5
76719,7671,767,423
7672,7672,767,40
7673,7673,767,17
7674,7674,767,1
7675,7675,767,9
7676,7676,767,24
7677,7677,767,1
7678,7678,767,53
7682,7682,768,2
7683,7683,768,1
7686,7686,768,1
7687,7687,768,4
76870,7687,768,13
76871,7687,768,6
76872,7687,768,2
76873,7687,768,7
769,769,769,1540
7700,7700,770,38
77010,7701,770,5
77011,7701,770,37
77012,7701,770,44
77014,7701,770,2
77016,7701,770,2
77017,7701,770,8
77018,7701,770,11
7702,7702,770,160
7703,7703,770,33
7704,7704,770,22
7705,7705,770,18
7706,7706,770,1038
7707,7707,770,158
77081,7708,770,1909
77082,7708,770,438
77083,7708,770,193
77084,7708,770,18
77085,7708,770,2
77087,7708,770,6
77088,7708,770,79
77089,7708,770,839
7709,7709,770,5
7711,7711,771,8
7712,7712,771,5
7714,7714,771,43
7716,7716,771,100
7717,7717,771,252
77181,7718,771,277
77182,7718,771,16
77183,7718,771,20
77189,7718,771,9
7720,7720,772,12
77210,7721,772,34
77211,7721,772,180
77212,7721,772,21
77213,7721,772,17
77214,7721,772,10
7722,7722,772,8
7723,7723,772,2
7724,7724,772,38
7725,7725,772,1
7726,7726,772,204
7728,7728,772,29
7729,7729,772,2
7730,7730,773,18
7731,7731,773,180
7732,7732,773,75
7740,7740,774,1
7742,7742,774,3057
77430,7743,774,1
77431,7743,774,1
77439,7743,774,29
7744,7744,774,2
7745,7745,774,2
7746,7746,774,2411
7747,7747,774,1
7750,7750,775,622
7751,7751,775,2
7753,7753,775,1
7754,7754,775,13
7755,7755,775,257
7756,7756,775,890
7757,7757,775,60
77581,7758,775,159
77589,7758,775,33
7759,7759,775,9
7760,7760,776,3
7761,7761,776,207
7762,7762,776,15
7763,7763,776,15
7764,7764,776,91
7765,7765,776,19
7766,7766,776,547
7767,7767,776,93
7768,7768,776,3
7771,7771,777,18
7773,7773,777,12
7774,7774,777,16
7775,7775,777,5
77750,7775,777,53
77751,7775,777,6
77752,7775,777,8
77753,7775,777,11
7776,7776,777,18
7778,7778,777,18
7780,7780,778,7
7781,7781,778,2
7782,7782,778,1
7783,7783,778,529
7784,7784,778,293
7785,7785,778,5
7786,7786,778,317
7787,7787,778,3
7788,7788,778,514
7789,7789,778,4
7790,7790,779,38
7792,7792,779,4
7793,7793,779,275
77931,7793,779,1574
77932,7793,779,66
77933,7793,779,20
77934,7793,779,5
7794,7794,779,1
7795,7795,779,136
7797,7797,779,8
77981,7798,779,868
77982,7798,779,91
77984,7798,779,402
77985,7798,779,9
77989,7798,779,1705
7799,7799,779,17
